{"file_hashes":[{"block_hashes":["dwE2OkuZe41lBVTBR4umD/66OPnOUn5qlWKLTx8qnos=","84C5xmoySrbvTlrtNcA3yNioL3OUGC3b5JbgUQJgYfs=","89vvuWEXCkDG1anxK/PidunqzioH98hDbxKj131attQ=","JbiQvNQsUDmSdRis/VM2wFJj+jkNFpZoy1kPdZXAJ2k=","0p/NE35ItVZP73fNaXCGc3SgNnDmaeFUGnwUanMKouQ=","Xkm2HCXtCixjmCiS7vsRk9W6mUfRjH7CAX3MwYQ++GY=","naSxAswBPOl4X3l0PA55zoHGV6IJiNPGmhLAjw45q9M=","ngVX5ZHUCo3Q+GRHaO4dqy4eqYMARLyOupaGgAE/K8o=","1mreRLXs2c22Bd56lQXe2e9us7za+vwcUAMxxX89/Rg=","thAj8K8XeSWNRfPssYgZoOGUhffhfBq3loDEpUxC+tE=","yFMTfgt1RzhBJhoO4zjbV+g/e8VTl87pok4/CrPFREo="],"block_size":4096,"path":"analytics.js"},{"block_hashes":["SVrAnfCUxmV8bIfgoX40GXGPowRMt9jq4V+40I+Cz44="],"block_size":4096,"path":"assets/default-icon-dinginess.png"},{"block_hashes":["m7hKUl10UIl5cfSqj1QL/gwpjfjtZ3sVJlWcuys/+ls="],"block_size":4096,"path":"assets/default-icon-filter.png"},{"block_hashes":["cL+P5MByYrHAmnr0v/gOMVwHQKzJMU4tXTOkV20nY5k=","2A6iqkKkivLEKCvvmtNK5pOCQASAnVJGpgQoOHYx3Yw="],"block_size":4096,"path":"assets/default-icon.png"},{"block_hashes":["C/KeM/feQBrGdlwGrYl7gle1mwHnpFk5BNFej2Lo2N4="],"block_size":4096,"path":"assets/icon-close.svg"},{"block_hashes":["HxXylfF+kXLSbMszWNvvc/b/Q3daje7wgRtlny+2tnE="],"block_size":4096,"path":"assets/icon-feedback.svg"},{"block_hashes":["Ts/qoek+PFDpJz3hw5x2K4dyjxXCz3waMfTJkeQ2L9U="],"block_size":4096,"path":"assets/icon-group.png"},{"block_hashes":["BIHamYH7ll6YLb0VR2m7RIkOCEfWow+tAS6nMuQUT6E="],"block_size":4096,"path":"assets/icon-name.svg"},{"block_hashes":["PjgLunQ7NpMw3e37II9jh2ps56V1/Adm0SriVV4i/UE="],"block_size":4096,"path":"assets/icon-rule.png"},{"block_hashes":["W5heukflHRX/Xg6JjUR0GQmkVevGQqluxPhzHPDlyG4="],"block_size":4096,"path":"assets/icon-support.png"},{"block_hashes":["r8bKtAMuPlONEWnFxaCk1n/coPgyEP2GkNDAB4zbsSE="],"block_size":4096,"path":"assets/icon-view.png"},{"block_hashes":["X+iOy+vNA7KTqMoc/YGsURJ/YsGyWj8HweM12euExeM=","/ibAK3+4JPSn79wP0TAmPTQiQ2+6dAq1ylk1bGfoTMw="],"block_size":4096,"path":"assets/icon.png"},{"block_hashes":["tAX5xujqTueg7jaeLljFo4AgA6SbAgLU+ESoteOr2Vc="],"block_size":4096,"path":"assets/icon/group-del.svg"},{"block_hashes":["IQot6hAbFa4cLuHzS7GmFf4SZWbqNVQMEq9zAuSqNws="],"block_size":4096,"path":"assets/icon/group-mod.svg"},{"block_hashes":["F4PI9C834Z3NtdRlv1jMBmykF7uaOenCxjeKcbjz0RM="],"block_size":4096,"path":"assets/icon/support.png"},{"block_hashes":["G1clPPScMmU015xsObXxyCCPQKt8M5KZG6PQamJh0bY=","oPIMObKymfHowHfXTNKaySzaKnRvER9F9jv/tu7P53g=","kk83xDUHePPYIQGoZKZGNwRqzOaMNYAGv3pMOLlhtdU=","/p4tB8I55taqtRQpZDzTCUIwooT9WGK5H+G+GfxCyIc=","sqC+vUkHgQ4C20595Df2CYBr45ITWDB/XaYDZEybuXE=","65k7XZc8Ix1trR5LYywKlG6A403wNcTuWmSrb/3oZ0s=","H1WYcD3me0BBCdXcK2WOVTjjwMWjYWWn9KYDwxe17Cs=","7oxvY8fEuuzNMJSOLatxtn3dRLW/DtFP0jFHlBeYqx4=","lC1Mf6rugVyeJMy6kJvP5d/wRQwacldie/tQTq161Hk=","N1m1DWMTq5NLWP7uri+lmdb87u9SGM1ddP52LN+XQeU=","wgu5rNRQRNIif59rS9Z+98dT0ERf8+4UMmzscQZvj/c=","YhsPFdL6PYK1h5c33LE0FSxZmF1AFBc/FAX5OnJT0Tk=","NmbFHN8r3+1NuduKlrCuVdPzqMfndK0mUUPIsq4Iwu8="],"block_size":4096,"path":"assets/pay/pay-alipay.png"},{"block_hashes":["r38zNXIEya4rq/AtNqgkbc8aYJpbCJiUCG5hVmozJ6E=","sTS30j9RbcBTprADJVlk2XUdr2emY17kw4NadN/rF0A=","iZSBW/KTRyyln8L9BB75h2Eh9e5ur+BmiCMiOFisLsA=","qA8tKpz18OTk8vVft7q80Srs1R1g6n/5My1m4/HIzGQ=","4PYzrSU+UcyMdMfnq57v5v/RJRllai1l2A+uvhve704=","rlBWYnQRSjGOFHUPooLYQ9yUjmGZ+pM2L3/mOKA3MAY=","qib5+jYv6KAX+/8gMlmP7cB+EsUWGImsd7Nhc2rJjrc=","YKt+WEXY0ymbjxO1rWoHTalyliOE2r05tXARzbOueGw=","7zOCC6KxWtcNAytdAYAGfLmKCz0cVxx9ujtEOiGdGlo=","++f6Q6/1Uu1yeKuRe5S4de08RwEHyR6g9NEpen3uGw8="],"block_size":4096,"path":"assets/pay/pay-paypal.png"},{"block_hashes":["aY2sZ9hF65J80GiDXVpFNKfqaZ3+zllbEkZvcBm4wNs=","6T2cELYVPzzGtXQ66mvuMqm0+fF9tYy9rlmgiH1VcbQ=","tQK65DJUDib7qq7oXDAvQ5PK6IUiOOAgpYLIyFuMZMg=","EcqELzxaq8ehTbNYMrBRbPUYhOnuo5qQrdAGIJEtJ1E=","PlpnA3BUFnpIfK1mXhP8+prn0TKpNeImIKwF8cMyQ1E=","GUWk4BmEAfhOkR52M2bJvtG3k8ecWbC/xxkE+nD5Lms=","hI3GHEYhFtUKaBkcX07ulToaJPN70A0kbu2aYbi4xNk=","nF5djtSRCYas0VYQNLlAD0FuJ1wdd4TOcY8ejcHtyu8=","9ZjeDAX78zV9mdH8lFfIGZTcwtl8uFkH3qZfGKvtIHY=","G4mYJRxljrrRtgiPqooWwCRo2cCM0ipQWCiix5paq/g=","a9rVJlixmRZ4UDHWeFTRInt1jsEhP9UyoeNgHYkcmJE=","dIMLo9pbYksmCjlEP0cWG1j77vcK/EM5p9T/NTuh5n8=","dsbpdhDSxG4nK/+WybrBwFP6/1U/jdo8l/ZBWO9Y5zc=","+cv2aFBetKELnBH3GGzP8PenVlXro3J1t08no7loXJ8=","amlpM3MGkV9YC0UujB6dY3XQJ+ri+5TXaRt8yZn2hOM=","Fyd36jS/kokVxv0NrAcIL+vNF2aAX28WpeWCGMwRLtQ=","d0G9pLgh7b35bzhkXGicP1kMG7xHqXE2H5Dg4vRBUec=","OGDBesZ/5WHzJVBJb1buaOxCXhjBbNcU5HnJmChH9XM="],"block_size":4096,"path":"assets/pay/pay-wx.png"},{"block_hashes":["RTEXjxMy8i6p/W2k+Q2BII0E1ba2PX6kqDBcnRLSnqw="],"block_size":4096,"path":"background.html"},{"block_hashes":["IY09Ozh0yO4f2+3bkNuZdeJZtlbw1psomdx/ssIaMZM=","4CYup2+2lYZZVQFvHbJotySv9zZsS5ZjKHkCZx2EWNM=","imI78bBmE/inxkwXZtBznuxyOAPQaGIy2r+nb1Xj2Yc=","MbxbZ6s3rswLFj5DWI3xkL40uy/qH4wq4bqWTzObBrQ=","Uzjnx+IBaQrCKz3CUE00QSwcP0FI34ofO+HL/cA6/zo=","9OYcP2T/H7OHF//1gEsv6xiRP4ZhLjD0Rzx5EsTSfB8=","oc/97hAi2IHLxFHFZwZ6QNqOkk3zkOU1HMYf1WKRs8s=","NBkpSYYInF8ZSedp49F8xHtj9zEOh4930KsEsMMCDvI=","SZiW7zlXxXBXZ2gglJmEJF2nUpN6yLJGJ2d3nVc/73k=","lSTvEwskoa9O48XQ/47d/IYDof+ZQ5UVY2q8HwbKGmU=","xHw4tsw7/gt1sUbnaKqTRiCXsI3lvmgNlzng0umtQvg=","LfTrx7nvSj7zn5K1vgKWVErUoheGVoA7ucsCaYQnjns=","YGj5C2WC3LyAwTuk97mMJTrjL08qwTmgHq6bgvS7bjE=","w5JGUjusGlHwRCJbY5R2uF/P8tzxt+eJrCZafk4lDXg=","OsbL+BL1BR2bGnb7MbKmU0hcAJoVBxsGFDFRYagRcS4=","wJdBt0X74qIJ/EnQAmjReGowB2EtqA7IY/LZ9IXzA2M=","hDezy4JHUX07yf16LD6SlFKBmzqiy0ULa6nHKT0pXrQ=","HcBcFpJLy24kAcsCt81FVh72ZVPywJLyvTRajiMMMHI=","ijW0sYq52dy2mkCnVw1HMO8x+eSwkfiqjVYXXAvzf/o=","2DCJhNy26jlZ5K2oZqC4PTM3w3XRkGYWC2fkGIa1VN0=","euWh539cmwkWUV6OTwpyto3WYw0P5dxsu68Ny3DCG5A=","GgqUHr6mszbBnwDFWOCw7dldADql+Z5R7juNTvOt3IA=","8mRjPpbsijOHhMt1cMRo30ObpnM450A2S+Fp8sv1dK4=","F5XlptkgVXO1zo5Gk8t0sIOi/T6GAn6t6lhBPPCk6Vs=","stS7/H7I4/wmelAporNjodKmpcKi/BITF9PAABhrTyU=","2lQtb/sei3M00bGdqte3zcJcwwwxYOrqOYca0pvmXj0=","1SPC9CZQoZ4rTqBerlZoIaCWmrjpGCFiE5MyMmvCFJw=","DX1c6WLhJA0U7ltGccNIJ48PsPWKw5vas4teJ4mu04g=","pjzabooYsxTkWftDptGrP7isiMvXZ3Suxj7zxFH25T0=","lEBkkZ3+jONQqA8WRMpz6i+skgwMzVgund4UCEkAVMw=","Ed5GANoCJZRp96RMOnaBNDMHo5O6VpjBM+rOf/lkGoA=","KB2jnG2VeO1uByAOq/tXUn7T9cqFOiJvhUGBBBSkmpQ=","bUYtNTUCw66Q2jIEcDSu8bLIS7FJMeSi6/zn1ALnukE=","7rm0PPJrlbS2R+aiFZVIpAUigUAGGVkdCjgpPNxWzrI=","sX+5y1LoDaD11ORAI8AaZFG5gyY6YMuONcqRoVcr5R8=","FrUQUqs/rawo+R3sq7VMR2wNs4/ikITdQm35qr1lfU0=","SeMoZTnrCH7jruBXU3rctq0vqm9rLZ4TAFNVsVfbh0o=","w4qTuFhCSU6Jvla/UTrD8Me8kvGqSg0It5pXKt0mj6c=","051S2hSyVd3bCQrmQHUBjQ0UaeJldtAyxsBDDf4o4Gc=","ypoz3K4gkrhqyJS1ZGFmeWleIPd22j2/fksMlHT+g3Q=","IocmO5p4rtnt9eK9YuErZ/gQbQkl0/pR5I53nSgj4Qs=","rNBEORKfakUITL+fWbsXAzTBwpkSwYvbmn7+QS5IvIg=","9Mb1fVGZW5lukpOpCnAKxxIeUHXAYNafIURH/tY11XQ=","cmWeQ5iRgBHzy2BlFRA/4+4NxL2m2ZAsDYjHEAmVq3w=","B2yR9dGRdfQ9mIze/n/ZUblwsmr1mgaAvkskqR0iZZ0=","PfpjXTyZ4Ikmx6tkiM1yHNRa10F/DMQupohW0zDx2Xs=","Uf267thEYidicWEqxsGEFvD8yVx53KZOo1iFFbQGshM=","T41tORNXEQJ8VdjcIS4l8yJ9eD6nFVD61t1i9G8kWWw=","cQ3rFLUJyhM9NsuJqo9D6wPg1AGTX8CyWSosTKyi1/M=","sWk/7xFRCeZGhTR7X+g/ykSTcvikTZS/CyxBvwJIQtQ=","hFcPUBg/g96FZEn1E8lqiRlAqJqPBiqW8nRK00vB1zw=","MYD750eMldCuM+BSsH0ZAk0uuxBGma8MAKdeDsOgdeA=","7GoMAqf58vr6JEd67TQnon49i/SXc0b8As76yuIxJho=","+UazUwTUaxj3Vxeey95zVfx4oLmQ7ASW3P6Y+7pZWQA=","0msRbF2y7ODROxZAFhgbdJgAL03VLRwlzdupmfBvNPU=","vReqK7QOonAKIZos5Rh1E6h3lhPoxLL0WBkuqltxUEA=","gaVy4cqHa01HjdGcVP2Xa+tCDJYdWdlYWeFIUoPm7KY=","4yAxNSKbwDkRmEh7PGiiVkIJ8kL+IBoGKUZNvPPfHyY=","AtXu/po3xQWZoXmXkIgZIAUAO7s0jqXgyc1PJ4yq2A0=","EpwJnf6QWUvFW+JrYVtuZNLnPKDMxZiFczmcSzYMkp8=","/uCy6vER5DIoqPRF40+T+c6wVibmeJVQV6e/ewhW2jE="],"block_size":4096,"path":"background.js"},{"block_hashes":["n3vb3wHOvAXTE6y6wDg7HXyZoY34VU+nvcN6qtWmPX0=","fg17edJ+rirr6lr7vBF9HIXyK8ufxgAErQg58eJQaoA=","ngcikVGXu4tyTMBu1HVtxHlVsozoSFU+ws3ECAGTc2A=","tEKrK3LMr3un7bksrE9lu+LAXjSXjoT9oauv6Vp0e4M=","Dl7UNgBOZCMhsGNaHsR03T2NVUpnQUX/oYNII1xxRv8=","908fmfVonp5bj9yCc/SaJlIT/wqRPywLUhdfWNUJTw0=","JmVal1zmawnrrYTiYMGbKUzIhwevQwXU2Rrbfi0cY38=","fwZdQ/kb6A7ccYglRhKHkZ/hAEHewb2CBfMTLZMXmbA=","cosiwjrX9QcsoQ52eaxBXw8fSGOMsFfZ13wG2Nh69uI=","/3Wrx78okObFKxSrkpR7o9v4aHwuY/ontot3GlTJHA0=","OamkevSl1MuI5HMCSyPpksxMxAU6Us6W2jenuX3F9IU=","z6Qzse4+X8pwAoM+caKGF79jpp6JAiIwtiFOkrrdw/o=","vkHX853nwg7C9gfecVdfk8OCyQczyfQ/satv2/53kJg=","gvUXbXpoPsewVf8z7jUo6rhG37Ou+5+Eo5Wmspr2WeQ=","A3qIMXo+/fJdfHdxrMNFVkM6vwFSB3FFBOmQxA0yVEU=","8WxiEP9zVVkTVTdj03W/wcTS6/y/yJgricod8lUWoFE=","FcJI62MLpCuA4ZKH3Jjq+ggc9fnfVsjAgd+dVzJkGsE=","KdsZzTqIZu2kh2twvB9g51gY5cXWgh6j1+vfEQW2Yxc=","YyqA2JXuh7hzs5gVsb3z+rerjrq7oZDnMH76+cZu5TI=","uiItNQ6hvRBzOOnOddeIFNCOjfH0UNa7tBq7j1iAq+U=","vJc5w+p1nIrOxzajcXgX/Oa0LpyFfb3BL9NJdMzBKQA=","yQ19YBsJYFHhbTfWAswM2nn0yaBiFOqzUNOiQfft08w=","VxxSSRXHOKD89NXVqC9CNIyGBpNs+IEZNN4mGlZwsBk="],"block_size":4096,"path":"ct.js"},{"block_hashes":["OVtdmBNpKDbFN0rrgcUfJu/qEt6AdoXNeLmp2IwNOjE="],"block_size":4096,"path":"option.html"},{"block_hashes":["jVOahrptARU5chvI6XmI9gsNynrOE6smJckOYYALrOY=","gQNXtj/db0Z9KrCIPHxC36ewuswuhNdqP0+JBGTZvuI=","nerzM7SzRI74bkZjuPAoERSyznrbMQTtt5WRFULnMNQ=","osn5vrnlRXA+VD3YfFOezDw0DQ5Mlcj3rjP6bd+zfA0=","Rpv1g94Uf9nLFKm9m4yABvlcdf5+NpNQMIIA4Q/Cimo=","58uW5oJuluAKQSmtT1lZ7ctY8CiFzmy5FZjlbBgRFUA=","7iiralAWEh9C/hB5Q65q5P3yHVznTTl++wrrZfn9CNc=","IikJlObFz0uNK53YoVDijfmWnBHG0NI66a9iQLj4c+s=","9HONte6SqXzxw8rxmMlnJlcSvx+RrTgxD6vCC32e2Bc=","Uib/BHiDi3DeGR4Vht/qshnEXmTteHwqcvlAL5Lu+vA=","83+LjTzZbFAvxrMp8hL8m6AUzrxgZl04/8vDpTKQIRE=","MKuEpG/Ew5G7JuYZiWuZEkJrdki8D3EIFVCztQE8EXE=","uNdrrh3SF5urXlVuTJINZUurdBwDoyUqJ44iFqKeglM=","m68uMTZvuZ25reXWDNiNakGU4jLTKFrv9mr4W+ljtr8=","J8fAG+vADPTkv4M+4l9hRZyN946CpRQDzRDHf8/wRsY=","o5tY5R47b0RfVyhYa1mIkrqUjQnXFjojlhYcm64WIig=","axpOFwm/ASNCYnqgTS1g2UMlwoReAr6UR1xXxqdPVa0=","zUm4EfcbQVS6EC170GIE88pbQ8rmQEXzAhhbgP6WhDY=","kfzomBuUR2pQtkS6ld6NtikpNclbaxXZoOfa2UIJnL8=","cyRdP0jfYISHGIipKY4zTuhn9yBr7THPEWKTHoGxJio=","ig296k2napah8e81P4QUKAZsKQkcQfZFLJ89D+zB1Ok=","GG0ZaGUFcKvxXmdxFzhILaf1l2eYXdoKinhZrfrJrqA=","WXaNTLwd8ZagxRsiO2z87Nv+VmCq/BA35bWrUw4fFvM=","HRuylXvuMWh/5/OeSQYM5tQVRUfK+f3BCrcFetaMYTE=","M52VsXW/xnibRdHnYR2Llxt7cwGNkNFBO5x2DPSLJ/o=","F1pzSBdgl+9iqdBL4lkdfdV1R5iJjR0wUG8L9jRPiqs=","4tUJ+qpZRTow/H5j3ZqIZJueSQyJJxEEyKlhbjxg+Tg=","xMFu0j/rupaZ0kTYK0qFquKYoN//Nr3XNCFA2joPRKE=","FcUFmjO4fx4FJpxHqdB7V0tc3FxvpxWc5dpNh7tEzLU=","i27GX5mV0+FoLD5g5EkRLN8K/j4YxpsFRM1kP/0XTno=","YkB6+p5qglugbzLyzbZoAXkNGOcTD9InkhgfFkAJLYY=","hqzbrfBVj3Cv50bEb8wM+i4JnKhdc8N58G7FtE4O48Q=","HOl15xGEhWfb8Tl0VxhN90TlnqxYhv4mvGqYpnwPVC8=","ikBIKMJfoX7sIcu35iIpT3qr5NXk/ViJxhoU9EHnO68=","RvnsMFzEU0LKBPVJh+ZtaddIa4BUXU3Y47IuvFuR5HY=","APJy4/cc2FB07k3Nz6FIZI3QbV2MksUqL357Et8KD/k=","XibPrIp+FbZKuw6qPdVZpYFk+u3wkWvEpU9hIIeMSiY=","1NSnZahv+i3U6b8vBpR+u9H4Wq4p/usCKVThlNAZNtk=","GhTLyiBxmHmmeQNLIZ9BsGwuX6RnOWE97A2SIk8G+vI=","r3HRxl1HwLGqhdX4ymK+G8t9zvMzRvxf8Ch0vN0El3w=","X9kWm3tHangpjTVd/KDdCboyiU3sgLDNm7bTlf5g8JM=","PKNLiD1bcF+WceriCpYY93jeLzCnIWOkVtJsV1mbJ5A=","gd/bWxd0EEqpMmIpWBdOOe26q0W/PTfOPabl8y3+oMU=","LlSaAmHIXyJz0Cc6CAF10n5hmYwcedzdCuufCLyUl/g=","ZBfSrP/Ij6kfnt1urtOtgnp4oWmqXczdY4tJwo5abh0=","1a55tzb395/9hchkUm1Jv56TRiDLeccpiMe7doB0x1M=","3uJC2gGamNfKP3skgwyb5U8N7R4swaIflgsxEOuBmsU=","dIatW0mIVWgvxGFFB/4nMgz55kVSXI7ByPYNW68GezQ=","hw6uvYm68bGm79j+LcoirVIG344pm3FnzIhqg0UKlhs=","R7yh0102bBSaH3CbJsQoDrPuYE4X93dzOWnh0WkhZaw=","EwUPVA4zWKE5DWTWH6yt9CT0Sq9tRSstoOCuhfpTy4s=","3IwyQPva2v8/hGJ33tPs4K4qxrNFpq8qF+ml7T74lF4=","GU2A9K0wHToVY+eFLzJq+LChAvTZSv47h3xCTtr+eFs=","ywCRy9pwWL57z+Mlf3qNiktky9qwI44A3t/2e4Kr0AA=","WqV8tl4ywr3yzCYs+xpdV2YWC4Zw/17e1avws0qgS74=","NulUZaPKF3AUWzKkl5Ky82czlnLmaPWyDIVJ0C32kKg=","qTnMNMWIq0p44qRxNDreG2dFmYnBlXySwhRtG6xqaiw=","BIeWCprEBxwvgIg5MetLwROK/hmcAh8LbC2YJ3xCWMA=","ko8GDRbAy9huW4uLtAZL2G2C1ofWvs39u1zNjbMqQR8=","FlcZ0JbqLLfVD1IWwSvzrw+i6CglktYCzXvuoyKg8XY=","/QGuV03wAq/2bntIDmQ+VgNKxdABQ0ySHlBsiwceAbk=","LqEsOaVpbXOImnJkrazchNmMkq1shjuFyTKicTlU1fs=","lLO0cwWULG/N4/XH4ZcDq5meTebAIITJ9mEjlubgP5Q=","LPq6HXjeyB9klP21deO/0oCb4EmkRKdwz2F1JYqPwM0=","MDc6pHiR36gM9+QhzWqp8BHP8UV7sv6+aHFW3vl4tA4=","dVR1nfvp6Es+MJRqEW/frYATTOdlohCO8wiZhGD7eaA=","nLOt7vn/UxWGgsvWSlGZRIODOtLheUqPiO/SKLdE4q8=","o2skpYNgSYCpLvoEB1kZX57t6Z9hPeqAHFvN5pYayZE=","wrb1tlZRMOKSad07mLSs+RMFFnN1plOaZ+HxlU2qu4Q=","aPjC1+wGba47EKfZcX2VoMqGqySRfOZ/4PnUhlwGaE0=","UCRLVtl7KjSaW3W0eDSvbtnqum5INV+owiJ1+TtsS1E=","MI9ckUiqrryelp6kn+jkgeYZ+Piyw7O0Ein8h6bAhtM=","UmCtl0LnbRkf318Hxb0U4d0VJCdio6WwOY0TWElYbzU=","jgdpOZ7jYW1RPECV0WxPINKB50C1uRt6ygYjtC9g6H8=","SqQ/mP3o5yZ3swxbYWtcfAExwpM8uXVy4ukootz64SY=","5WSDbQaVlIhBK69CoAjjpiAzTZ8TphVv227fye24RwA=","uRzG9V9+h4EJny2nud85VJM4Jczb1o04QZIkenUM6oU="],"block_size":4096,"path":"option.js"},{"block_hashes":["YxcYld991Y4XuOX9l6ruRB4FC0GaCyhxmVlELRMJwyQ="],"block_size":4096,"path":"popup.html"},{"block_hashes":["XP3J0dZeGqMKZMdX6W0kM2OGGx0UuT2zo0Q5HyZ35as=","tc7AtzM5xXGvid20zSpESpCZkt6F8Edfok129DBOGXQ=","u3RWj6OWaQSBbfTkV9QMQTLWMD/g33Izf7aZFyxqasc=","kmybu/dlIg87LG03jfn7VfkJwShIJcH7myz/9Qawv1o=","G4uJEqTHq4eCclghYJSTRtWAU3YuwwXSzDFV0xEUWzs=","qIWzXH0Z3frftfgETqragCXskkHWip4+Ziw7bDi0Qkk=","KuhZwDbSGnqsNzmUnzApbU/zb5EgFFbkorZjdlQI+GA=","8N0h2kOyg5N86BG4XmiJv+JJcRB1ZHqY279oDC3RECc=","3JdxtAeh7kigJEtQBsCKl2b1390jrNNgmvToFsd10GA=","XbkZmjgtRPmsdgkRdAy/JampufkmpoCfzb2pER3xMeo=","usAluAWZnIFIMfCwQhQns78ottdKKqkHpJZEZn5Jd4c=","myHRegbC5RModPf1sSH/79LITQYJACKbEZnHmHQU/cc=","DoO2oVs7rUGn5+7pqqWf+mRgHL5gHu1jbv8ipxCp3uw=","wH7mCGBiH0teuzUgYTwyKcxs2A+q+iYLEozw2pYKx0o=","iPrulIHnbU5IR5bZmkPRxiYnyqwW85w0TmDZ83pyq6s=","JJQWnZqtdHt8AyqDKSWhRSTG1tCiQdZkin0T7qE6YA8=","+gEPB1/trp/D1ZfJuXLlM+szhlHx6N+wng/g+IsfrOY=","SHb4RfITRIYZ2BRv9SEHzhK4XFFqKVFlKx302EYOKwg=","afMrP6NTpOoQ6Jfo96MJIiB3crbYUHBRJA+1dhyIlKU=","lozsl9eRKgZfDdv+hgU2pG4ZwKphQOimF+ciws4C1ek=","rWr018bXLfKhPCUjQGsc7AJJ/cjPkFw1RZMIUa30TXk=","GyX1j7RDDfuFECor2rsunr9EMPh31SxBcpMQW7jJlsg=","crFUYVzV/xya2Z5UlxKf6ulrMxabqtASVsBOZK+iVQM=","l5tYPJZhmfY0CgJPGLuKUlKI14pyDszjQmNoP0TjUfo=","URv979lOQZCY5FkRpX/mZHwes+g/wJ3ISzm4tU19LbM=","75KhSg4hg6DAER52qSAYsHmUBN2Y99BoH/811V7tUyQ=","qLeAZ0W0nCzR8HQr5nqRVR/nPuE9DJo0X/YoD+qifQg=","9NUDdmxKr33CGUyUIOPGMSd1Y73V2CTBfUpvz0jiP6Y=","YN5sZ7hWTq60F6is7dQ81jXsr9AzYrgI8ExuGGAu3QU=","3wqvseUuhpxl30uYHmJ6RR8S4ufizLU5Hei+1Tik31A=","ckZT+/Y33APM1SwJlmGtB5WER+kKQkGmnGpez8b2PVQ=","zYvcGLDVcQTzZoHzCVyAKwDLT8AGpMBq6ZJW0pZN8yo=","I/7RdePMsXcBYS3kxk9WO4Xi/V/7OO398MjIgMd4u5M=","/YexmOTfkNR8W/bHL89WJAUW8C/GXIdcbn55fRxjWlo=","kr6BKnvsTpybyran14e335HGSimOQA+VxubHrCOyo+Q=","Qd5+GB/0SJkwqaz/QabXosidbEoxnH2CHaf2PVHYBhA=","qtcdR1WMY4ZI7WM6d4Al1XAiQLT15jg2zv3Jh3cLj0Q=","DebstRTQUk6b3cBj2wzydJEdas7UDvdAIUrNhvYqjK4=","v35jdfWP9dy4NeCHJXgLh7R+QZ7ArSde89NkVSFsQeE=","MM8hlDKxgykUjrs9nv6ej4hbpSYHaBG6Q8CEiL0A6zk=","43Nj1OgpEwegHBYCs9IM3EAKuMpl6psNy0YnkOeRVFQ=","CTSvNGe1FH7P04ejdwCuEoiyXH8YjI+Z/+CITzpuD6k=","IR1ra9yvi+cRMsu39aSyNbhOnrhImYLx3SG6KH7aTro=","4psW/TGFhP50JaEkFdhR0y3gXlCJ6c2qnNUSLxJbVWc=","//MQnkVBV6m3GJzmrW17kb1zOem/sWLTGLdH/hmvFKo=","UOwluJx80WEmATi1wsBRXJB5G9Lk76seL0ubniJwCL8=","Pg01e3rNQz6rIeR24wawJ/HH4z1YZ4ibfD584PK2xwE=","CV9suRXgQhk3pT+6El1xUiTQ9IgBaor8TRs2RlTWgO0=","lDCI1K7tz882bnHE3NT/T21bDS7DTntDQEgN1Mg1YZU=","NtcblTFUEkxiEvQNZDGC+FmFIgc/mstsM1cGr/z8hXE=","aT0Jrqr3sa1VC+F3gd6Edlyr55OmwDYN+mae2B2U5R0=","dpF8+1bhQawjNRacOoT6v6iUnugIAv175Zf5WU+IJGY=","6wnAWsxdNijNxhHvLKGMy2hWLu2GZ5wvE4xHM9Jg2v0=","MRUTbQtvwKAevqZvew2Vnca4/0NpoVH+BJ/m6C7o/uA=","TxHfiGLEkidXWaS4q/ksdf/zL3XJ5ur2KZmkdtvJkXo=","p4vHShKWAKcTUasikuMlUx83pNWf4sif1tKtsae4D7Y=","5rPeZKdnWqffvP2ct1I9AEUx8wvAmpgw1Q/brZvOWh8=","J6+rsd0l07ENPHUXlEGGhGF8Cv272/PMb25uG+FNrKc=","5LXegtpy70ZStJyzL+vHdVzcVy4SYYpsrHma8Vxrhxw=","UvyKOVbOgRr8kWhNVVyUc1NMjzRCcvqDixjEsJV0pdo=","P8jK0MsliGwTxrizJ7I3WAtdQ3XMqSGbq4KFDQo2vX8=","Y39XF3MOolcpWhfYPUdV0qF7eR1mScmh7dgYKGg7BfY=","XvmsmGUf+70r175pQeabXnYQeXjivnoB8DrRRTRYPFE=","Ip9NmDXoJ/zkD1dEvJDBUzNIsXwxCtHN/kji7SqR7Jg=","1BPTAdNCjcrSlHmsf2EXc1sncHj/cZByFE/EvzdIXfM=","zykkwOvg4O7w2I8R7qeLk2n/8/DHAZL9OwHwyP2OAU4=","XQOxJWvFWXl1fnxbKEbXzWb6Ym7vBgfYOI2iZWxrTqg=","dzFDB5KKOG8nGojuzAnQR9anIcrI7TtydobSvj7syNU=","jRSQPmOFLwurdcGo1n3dmThoGULvXcRkAphKHxh+YIs=","E8m+CKZ9uBiYk/o8rIkI0RUiEKIwHoJs7PVRSPjLaj8=","cqxnEFABki6JZGFPg9yXwXjJnu2l04fn3fP1o1OcgRw=","27YfRzL4i4g6xMXYfgs2XRqURdui4JOwDOjkqQEhM8w=","5ZJfw56VSM5isDjsMowK9SOFHrdq2hcnAsZUV/vIdho=","ufk+vXzW3ZScKtsL5iol9A0TKI1hJ9c9EqGQ3heMCYg=","ShwHQq+ffYL1c0JMrK5hirC2wr/C7broQVEy9XpmRBg=","HoM7FTWCr7IOwjFLPplE+LcZSyHPkVIIpz7o9IZ0vGQ=","y9iSNY7RWvns9ohQ0BHj8K7k6Lvfipr8eOBfQJLa0t8=","6TIbOPD2Rfd9tSz6253S79MfUQLxeY5FfPTt80lcizo=","tibR6ADtpf/yiIwKjTdbTcsiB0jcD+vv9HFXxdo1Fgs="],"block_size":4096,"path":"popup.js"}],"version":2}