{"file_hashes":[{"block_hashes":["E52S9agzLc9aUqXJzvrh1OAZgtZLPV80U3Hszsrjr94="],"block_size":4096,"path":"background.html"},{"block_hashes":["GrnJ8SwlSr+mMH41LUsw5OhX9pQjVY13oYBuqqpU/us="],"block_size":4096,"path":"config/wpzs.js"},{"block_hashes":["eWfIk0jb44SCn5vx0aXS6T4gcaPiWSXK2dGmNcQj658="],"block_size":4096,"path":"css/popup.css"},{"block_hashes":["HX9ncTuX5VRkIlNxIfzPgqiXq2CLJYsouaF5Gt+oV/0=","7o3cwUnnHCTkANZStnyv+LeGCd2HCDnjmVWfKGMM2ak=","q7Wx2tXGPI+bybpQtq0lNvcpMFMcoCQmQbqB++HUB3o=","4VN2WWgCF6PF/V9l5BpAjBkkSk4a0Xvg6PvmGM2G3qE=","hLVbdIyem5vSHvb3FwC9CtED6CGNfyk1Junv9hO/m3E=","otALW4/h2zNru3sXTVrU6AY9CPzOA2uEXp5LO71RtBM="],"block_size":4096,"path":"gm/jzx.js"},{"block_hashes":["ul3oe2VW3/fPTOmQ8Wx4LXuj8uACmakq2kBwk2KF7Lk=","b2t81a69dPZpjf2RnMkDxg+48E0d1MrDMh0u0/ZwHRg=","F3JRaGa0a792JOgM0O3qqs0+JaplY1ht/YpMFikmNsI=","Om2hH//Z+wiLw01E52ZE+3c3XpdFLC3aG2ag6q0vHZo=","HvL7p2PkgJ8cWR4dTWAIRYFkbGaGKBH1YOFVcLkgm0o=","lLMP4MhQYiibSNRUQLBCH2mWtGMOzn8O2Rga5JS38xI=","KVIJyZISYR0Qk94zaznbE307hdGr4ZZvDGQs1v3dScM=","vUOCldVsDmN9QUjazy600fkBxw1ZN0GNHloy0cyACS4=","G1KP6H+U4Uaop1IEeZcGU2l2yCMbHolb7IpzvZau4D0=","7c4stUEClYicszjWnAYxr0FIeCXrz6t0FUkXmDyl9wo=","lwjH9Bnx6mh8JxWK3kJazULsnUAyvjQVUuTSf118jak="],"block_size":4096,"path":"gm/ljjc.js"},{"block_hashes":["hZabfFlrrE6huxbZ7omwSMfBUve2klbk+iQbIaJOxXM=","bBV1SpCD0PmKvENeVIFCQpygBqAo6OBL3yBXO/ePNd0=","TiERLSvSIkoG6O0wFEFTSqDgR6NnfrhYNDfUF3IkeZs=","fsKhZe8Ze1VVI6faF4TXHO+mf87k1Ha/GpgOM6PMvqs=","HE6BfDha/tBSFLplk1eT84lnyEwb3QgRJNp2E5vTl6s=","sJdhYzFhy5iZLFEv9OueToMssG4ls34l1z4H4pyRPyA=","TxJKGaSwh/FcbgbVngTSRCx+7b/A26hI3c0yF2u+NVs=","6BVf+jdZq+8Ry8QN4dIop/mjk0t3FwCfCA8yL4HCbPg=","IlH5Ki/iR4IVf/r+UjMI2HbGBbrbVk02zFh4Z1ZImvI=","JLOxCFyduGq5gMCyGEcuNE48GsqBcgAsrJs+J88bSRg=","Gflb0882wUfNgX439fqqfliR9vS5V55RmZlv6ks/vHk=","1uamc8FeWss0mRKD4IR44+iednbgVeVkCkGCUHeACss=","F2d+9P+uf5lIf2Hy+GSOCeB0K7dRUlIJRYIlWOCZBIc=","b9ihxbuuPhzG0gvRrkWC0idHVq4xb0KH1OFAPK2yYug=","axi7S+KKYH/sNFvT3gCcvCnDqqVO1utewoUzRgXqfTY=","pwfiXR9+HsJz+8b6s/Xm4iv3wV8kTP8ISIrA5m3JGSk=","8rpKhOi5ofRLMVNtzBigJFN3te0llEXWCtCWcDYPiDQ=","aa/l2zoEdb6NEVw0u7V0fZRFQKeVA7UeZ8O07UbSu6Y=","OLf7I2lAdriQjyiJNsAJl+9JA/bgEBK8Zx2R62EyvLA=","4t4lhggOwzjU29KqoxEjPMlZXMXS5dx1gCWZk/aW0l8=","ynjNyZWh6erJHZWajqadVpWNuLGuUBUqTshW0zxoWjI=","/rYbptW1J/T/wYZF1fgYUOGB9b0hJuas9w2OTM0wszo="],"block_size":4096,"path":"gm/wpzs.js"},{"block_hashes":["P8t3M1eQDVtmrmz/pll+Dlp8Ff3JSdqnfT75tsdBJrg=","R80VzP1bruxL4MOCYtau5W2jLQhMPXfp9vUG4kHQEeE=","Pt9EC7OMnXXNJyueuk+Yq3qB6C/iUjti+M00oRsItFg=","k7AJZ1sPkGSAcHFPj+HP3wY8shGICWWryg23WF3caUI=","G18zeMUREdJXPx8DZVexbk5Ph/pFobthEXD5FA9btUs=","UYeKMm1EQFfYPzoZumBAC6gnrnfyO1/DVipfCo96sDU=","8Fek2ZZ/uEEwuJ2zj+EkID8Hqx3HKMoDkXPN/B584Oo=","zLlx8PjsjwBe1L/zdC1ns9DttatBWajiQkhiki1+swQ=","mIIoTC81SEGtHZc9oByzcOYH8xYtSoHm+f3njRJ03Rs=","aCrpELv4qqCbV2zzBCemw++4aazvPquf+HXXAOM4t7k=","gu/KGr79Hj4yx0ThEXaV9Fl2VuGV+r0/x+JFqGViTSo="],"block_size":4096,"path":"gm/xzws.js"},{"block_hashes":["Kfb5PpnopapDOhtXE9HUhW4I74ZV4EhzcriP3Om+iRg=","3yo51uKNiPLKMmyOkCgp+t/NfdjgZ+UwWMqnK6w2tNA=","HtkYyUIooWxiWbQNcltmllz/yOkZysA8E7STXvT1Gnw=","stNknzWJUX50UcQvWAqxVhVMqI1qZwBlyylXKStETUI=","NKhDiSGtNTENHIdy3IwMbqs9jMId78yoV8dtVY7dctU=","5hgcDjCD7OoCGUfqVRaVu8s72AgK1W/l6SDpAiI9A0Y=","Sb+GL+Puohj3+/1sPIwN9Y2eWduYbkAaDrqOG5PDj0A=","ajysTf4TvJqaEU3vc1+ER6uarjU6e52ztL/dc5Jayf8=","PUqCSoI7147ELUJW3ru8IY12I4qDuNZgtJmDLLuxSjE=","7giBz+zotuPsqxnoQ61We16/+rMlK6bGntZS71HU2P0=","eW18NnETAeHbUEAf/ubBXuqteYA0623r9Oar8Gl/dZY=","6TDSaFyhk562Sv3z8GVeYukso7hvaoWkdogDCfkrxi8=","e5YftIRNGxo8NVGHAskVzzKLq+Ul/mbcdBEjSM4+jfQ=","9MrRUjdeeIdU1b5oK+4JkEf6SrZrQMnqS6x/gEizSHE=","wNm7Kegzn2R7xrcXxsz3PH8tztpJ1Z0ICLyPjPpgR/w=","N1KcpE6xc7t5flzIh20OrrVKjW5zyhQW1RV+kG3ZFFQ=","/++zdSMZ+pNF+8rPpMLqa77BmB743JohKRZ4l8c1mEo=","ToLMaeCcz//FtlLdvjaWRQPsKVWUEocMkgp8wt63tCs=","qYTc48cPEFor07NphJTVHacKQedfY4PyIbIaNMYxV/8=","5y3gwnEfCs41fMFa54aBeoH7+ahCP/tw5QbsLbDRc4A="],"block_size":4096,"path":"gm/yhg.js"},{"block_hashes":["/d51iDK8gEsgISUD/4odvNTKAJPqxmJkD59uPhB3nO0=","/FRj5CkLET75N9B3gGRI/FC776Os/AvZhKhyRPD/nx8=","LsnZuf3rRLm0I7idXXV+qjXH5HLYBWlMd+EkF3M4yi8=","hWU1s1b0+sDzjk5kkjp0m9JgUk/G811oH/tlj0KVV9c=","eQ2CAUcv+F0rFF/uycIzvQCj1ibTu4xld4MjiNWz55U=","QKbK/pvV/Xy8EzLaN1lMvS7tpOluIP+ilylEmfRpfnU=","fuJHQr4JaNX/w0BPW4qHGGr36xYG3G/ZB7jg2iEwKP8=","zxnxZJ6OmDuwYCXtiBYzba8Er55/CSzBpYXhc2ducMQ=","Fow+Tu1LLIDNdSotEa24Fe45Orni2eDDnwHDMCJRH6c=","kuMHHbwHjLI+6Zie2DKF38Nxil25BMiU04GTTUBLMJ4=","93of9WG6MM4iQbKuH/rD93RUA0/yAN21jkXO1puXbE4=","/IHq0qaGJ/tGJX89KAQPLRJlSCEs8lg4ZY6z+k6MPyQ=","Yd6kx0em8BvCAjKkWrkCMlohIPDZAxY43jBRxHi/8xs=","mR0LnItrOfmNlZh1nEpY5x+5GcSSrJHacaXTJgu9e6Y=","ZZS5IlUtbEVYTMA9wIJk8tBBFYrPNiUHbSnKCUKnBJw=","Fq/RCKxbhy8gbMBxtEid8wimOYRcHCD7/SWTd5/lhEQ=","UzWCIhgmomf/jVzq4ksqXMBszb2NJ3gLWV59crSITV4="],"block_size":4096,"path":"js/background.js"},{"block_hashes":["AWDxxh+edU0s4lOxQ0DEm21CqwFW02cmt6tZbqAy1wQ=","+aicrIi6iV6uBmEOmozOlbwkDAZvReEPCdWwGCy4Gt8=","AtiJmdro0j0WDKMTGN0VE/MIsuaMB6mUeJz+hObDXjY="],"block_size":4096,"path":"js/ggzs.js"},{"block_hashes":["jQtU6R2l5NhotqaltJ+GCcznTp8St9hM0v3eyANLPFc=","i8vd1szXq4TsZPLYqo6CuFrVwEBEwdH/aeFTGNgujh0="],"block_size":4096,"path":"js/gm_bridge.js"},{"block_hashes":["dz7othgkwK4bd30UR1zokAXE56/zrOb+T2Vqn1eYKGc=","gUwLmBwoPIfP/X7LuEngzX+gHjqAy1fKg1VBdcHEHnc=","oLVwXhdPvIqECnGkkQ56yICpeY3Weh358iu4CfDDswc="],"block_size":4096,"path":"js/gm_inject.js"},{"block_hashes":["c97Nph9wzeDoA4mZTCzRQsyvAZYdkKKo/BreuuxK3Wk=","/lseOK1R3yguzViTuBJLkm9mKSrR//RCO8xW7P+O+gw=","4uiCxcGdNEy+loMLRF505k5XoV3+tgxL0c2PYjgiZys="],"block_size":4096,"path":"js/gm_template.js"},{"block_hashes":["/5rmBYh5+0ItNWH+X2IZMgu65zFVTbn6as6nGXLeS4Y=","QahVmrAS75JbonCxwqKeazSzi5k+UR9z0mE5xHm7AmY="],"block_size":4096,"path":"js/popup.js"},{"block_hashes":["fQH3P+OZ3kDlqV8MDrcWnWt2SYQj96lwM3nHrr4F2hw=","XF0vGC6JH6RYhRuvb6yIsxrGFjFZQG4G96/3SMROjnw="],"block_size":4096,"path":"js/ttsq.js"},{"block_hashes":["YLdHS5TKPLW6rjnaIj9oMEiC4ZWi2RaCH78byUw3Mwo=","S1MrjhUeIF1uP98+Bs4H01gghof1qHNeP1W/dVl/bik="],"block_size":4096,"path":"js/yjzq.js"},{"block_hashes":["zHm+yp9v8EXKUpaUvTuFhjwcMUrTuAaO8EZNXq9oU+w="],"block_size":4096,"path":"lib/about.txt"},{"block_hashes":["ZTGTjBhJHsyri1h7A6BbcbngMIVo/dmW+NCSd+u/5bM="],"block_size":4096,"path":"lib/addon-icon/iconfont.css"},{"block_hashes":["nMOcLWxNjvCe93ky2MzWBbGjBJIczKK69jlt0xQNYEY=","wflrGRI2/8hqZ8oNPWmLSbFwhySWcf1aEh5Y12G1q/M="],"block_size":4096,"path":"lib/addon-icon/iconfont.eot"},{"block_hashes":["FfeT8Q+yjRXXi0rgMbC3rJeq72xYuj9Lldx/Wb035pE=","ggv1ZxtJ6w/r208gKErFLBLBUTF+MY67iv7pTizze9A=","q/GczYed8sgQwUSOfzp6mnU4RZi3a2pGwounp2RVgf4=","8iwJoXsbgwRKzMatdmiT6GNmlC7kdsyaD9B02mgI8cs=","cf4Rem4lutLStTzlByLWKdwW6TmtrGBXVZ2VQXphVDk=","pCI7UkJAcyNXZ7plfGG0bBV9lvkIVFcwqrcCSaNZTFI=","qo59u76t8TnPD1TIB0ZNtyrcf0EPi8jIk2Vaj6B7yZQ="],"block_size":4096,"path":"lib/addon-icon/iconfont.svg"},{"block_hashes":["DKHL2Rqpitl02QIa/Yfm2FAB6eAl2TZObLl2DBz95RE=","KLnqySzSOdW2Nm4UzH8ATxdbJCoxhvYHiuS1HyYBFsw="],"block_size":4096,"path":"lib/addon-icon/iconfont.ttf"},{"block_hashes":["v/qAQELpLSzo6NWRU2t3AmL5sOiGIGXv72XpuVtZeq4="],"block_size":4096,"path":"lib/addon-icon/iconfont.woff"},{"block_hashes":["4kbaF5cgtbqZqfb1FoyU6kx4LAm/HEbe7LdXNkoHqpA=","GGtRBSnX5WAvzkc9X+eWAiYZaiKDWqSnk8kIqDaWQco=","ZPVgYJhXTGrAvbbawgRDgkEjk5TYdgbfIXjLBbXmwB0="],"block_size":4096,"path":"lib/clipboard.min.js"},{"block_hashes":["JVlFxqQHzwDGOJjgLkGA/km7DDqlCpc7Zy+kXDPbFS8=","vuIf0vhjGm4fP6ic/KV3wdLg9nF/8QuJoHUiUl/ico8=","cuQsU1EJx9xyqElRcwFgLldbFUuqcfH5WYUDFKsVeRI=","3tspZ7DyYE+OjQvW5Z75pXmupvYCSnV1rRusECLwY5k=","TZC0srcWUHVclQ2SKy3Xa8ja7c9nA8v0oT7wXEe6XtU=","aWGkHc5Tc3Zbrf5K2dCYVsWJbtlgGjVgo6D4qkkbmik=","ANEZNj7Ng3z1g7Aq1W8u+JbpdADKBM7+IpB4ZRUEWuI=","3mefsDSuvrhYqvzb952NIyAnxY6rjgHbObvdfVP4iQ0=","2U+2/JB+d/TsMP4P1Bt3HV3E5LEnxnVubjVqhA2cDxM=","e+ck6Bx/hiBk/iOuSH3xY9hJfJpwSsdLzk7X7hNn/h8=","MOdS+DBvrN3eQ9sEGlafmCng1M3zCb1ySvrFE/Z/lto=","uUNpFGp27kel/2Zq7NNqzA1tVkKZ7M4G8ZrPSt2HbMs=","u5fO4IAKoEaFUM2x3LIa2MwzOz+OO4cSVAOcc4sQ8uM=","SWdbYyJCJ1/JRkg+xRL4PyCAD3iv6FGkxOdue26b1UU=","9gZOQhxd/k2biGynyBFmHI3dWm2CuZm4f6/w8HEm4fM=","fQkuF8BgbBJKEutpLzZ9s7YaG/oNo8Fihruoalrl7QI=","OUC2Id/zGmJfy/7p+KrdBsFCxy5ZMDIUYpt6rKIjueE=","zBUtuXptLTQkpOmo4WsalmIGEMxHrio12d+xgQ3wZtY=","W9yhAmRfL9eJOAI062Qdci5JrCigpnbuLnyCYzoZdec=","v3Ux4ke6PAn5pnnSNqmR0Ng9ueP3Ggib/qsSqA6kbYw=","Ph89T/xu8b3EnYjhAiO5lRKU/vSIeLOPTpsb6oSFBeg=","zO/gKbzsinmzIAQAmvdrXg5ryrTbz1aFc3ogqQaYRB4=","AIGkBoEDGj7OAcuP5IAZd/m++sDV9b15Vjj+Igjo9Jw=","319VX4cjPhRxbQPF2NcU7kL82yIIQLHuoWzTE1eq6cA=","IKrqOGqyTjiCXmd/db1ZYCIVYUXdlM+z7CKEbj/bTEg=","bR92kOW7BCdn1QvB/WNzlJ/QjI0xLAGIdcZ+toHe6ZY=","7hpmUbsG26/ecM67G5f+27rDjA7m7PRXIRv308HUhS8=","4RF8H8De3VU7tO4TScJb//TpZkNc03L/7/rihrp59+4=","FgyccuV3P2+Hap4kNYxyFdRD17tTVHIXXGX5fW6mCWA=","2Fealkh8D8SGpU8UaycdG5d492bOBhwE5Y6tgRZrnPA=","m/3eGEVwF//7G+ZmVXMP1Nzx+F9+9a67RGcvn+sG04A=","lwPbGT8xangjz0IMpk5vum2QA1TDKOKqvp6SPOuJXfo=","XMZV5TdaWEYJx89y2pq9krEepjc2U0lVDsBaqh1WzaI=","JtcQDqLISKaxLY4sdCQizfm6Iz45dAecDm3sEKk7JqU=","YzCSqnyILa4JPevIls+HPL30gCsnDXaoTQiIjDfCg7M=","AHFp4y8bDfXUFQsPltZMCL65q5LwBXN4JVIxlqvguAQ=","YIbt8JtDLtlqSmUoKst6KYUZrZwBxrF1VeA3WlbXRaA=","/npDsntCybyHATX7t/bUA/Wn0y3exgyw5fuwetafjqg=","h+QEBtrHBsotEm2bGnHJKNCfpXoOGPEI4+CgrTF6eUE=","ml412HZCCzLl3d7CiCO1FMEXWWCSkItoG+aWZofc4OE=","eueLfWx1xYH6CsAa64FzkLoPgih/9Qif84/+WaQMqak=","r0X71G1MhfnRKA5MkkZocNTWZnCzu85Nn1mdGMR4Zng=","qrwacbv+5pemgC1V0MwmNTmm2FvD8Q5EZnFrbXf5w5g=","jxFbEvbSyID0+OXu4ueRBR+D5hYYq+4rgeyyNZzWpBg=","SpgAjUUN7GIXAL8X4ud6yjEYhIYm2VnqtWTN0V6PPzY=","hwo8Ta5GWzIImnmNkTB+lqdpy0eYGtPmOyhqGRGmJrI=","2DO2uEUJ44PcvF39lOjTLvXcyqeuP8Ar5zaV0zSL1rY="],"block_size":4096,"path":"lib/crypto-js.js"},{"block_hashes":["bUjjJ5pEc5lCjPKDqVuR7fta2gc5pnQ/hmJjFfv3LNA=","L2Qfm15bSDUYZsmB63DQ261Kr1RlSjqqIiemaiBlD+E=","8dR/beQe89SykdiAYt2f6A0YIANQ21SWcXVZrqDu24A=","uF5YL3Y5DmKvrKD030+rNCS33P83AhtGXGMkAH581Ac=","00SHoIG/Y/NiPV93hKtGfkapGF/8AZ9CB+jG0jGj3rM=","z3DS9he0jmop21TwanN1EA+RZatgmi3IbXPmZhItudk=","RYZ+IY3K769pNacDXvSnQoz2HMA1Uo6mRIB2flvp2RQ=","cZCUR27PGLSRZgxTvJK5XdgVR7plpCueoOF757mWg0I=","SaFNmm4+ouWyAwWPAwwHYUtM5GQQpKiuqJXXAyhxcBY=","0L6xtKCail53qP0xkK5Ybne/XXQnIMAdhPi7xpyA2Hs=","Ae8TQZnaJo5edAcSTAuTqmKshoiCrWlQlfvMwcbbivk=","fHg+onOZwH9d2tDcaqyvoOYJ+tj1SQWn0rCJrUxjTm4=","k9rl1IjBsYxc+ZOkZwVjs7dMTsBtgkIG+A8zOaOTTYw=","6zyDnDVsGIktX2iIHiWRqHkl4MxOqktWXwMqncIKXZ4=","fZ28KM1uBfSXTZtP8YTjQSpJijZNAafsC7/quN8kxzs=","JYp+P6uxkbLWccgzETXJxcedv4/bpqn8mCC7BHOTThU=","l/W29Ic426iGmho+yNzE6xrkyVBXq/IIUSrm/vu/6zM=","Bj47IRUnhh19f341MmnuXLPMEomSxqgCr9hweRtA7a8=","Y7+p+UqHUTQxO5iVwvUteQrfSiPRHEdy0QknnksYPR4=","x/IegUSsjHs4pdZA3Fc5dCC1ONxHubgnWEj3ctItMYw=","71WNi1Dxxc632Ild2Ob1G+7+DGs+95V2KVJaJwWzB3g=","wDaVfo1IUUoDlNSi3EywHlnY4yBn5cXPLaRiHIdltIk=","seapkU0Cl3ZPfsTAWjnhhjrXg95y6ErVIJte9ZJZ9xk=","oWAXQbuaV+JMcx4Tes14JQJOgSmB6oNDd3AI0qm6UbA=","p2S8K11wIjIH9w1BEnJWfAl/9sjS+BusHxWieCx6Nqo=","jfsPbGNUkFtQsRVeyd67SNhS6TZkCD77bDdqfyJFmJ4=","HmG4WU44kq1VlQcRz05xYtpOyXRhNsJgrYKcTK6ZhNE=","7T5sqgDGQ64orb6MuhPPopLSuhVEsMkX4C7wQH24gBo=","GI8LgZbpaAC903mi7/jDeYPewhYFg/pdOty5j7jMq/k=","TcSXYAmZ3JQP4SZhJcBW4gNZBZRIdwpSctE4Jq1Aewc=","Qn4rCSn2X71OXL/d/Xs4FyUSKuFEjH5gFqq6El1HJs8=","0Jybb+Edk7ItU2Asg8fQ3VyKozXwFUureSCraBrX750=","RSF7KaKHNuSxtUdu1NecU/pdc8UNVtA00RwOx1JX1LQ=","BuQJZ0obgr9CAccPpnr5XJoCPqIJXX/v11JEsl04akg=","UFd/ov96H++iJouvkNgd30FcuF1MzS4QT/S0dadOTPk=","tvhfgOA6bbImuW9ORGZiGwftr/6Pyip8k7zXb5X9eYE=","7ieC4xrCmm69W/oQnoXpz7xK1faYK4mVS9A1VxwUGr4=","KFmHtZpEB1XM4+fKtPioMCrOTIUljWl+KIz/TywlgK4=","7xsWkkrnsR5ve7jtzvyiCLXMVm0WgSDzcWg6Kk2WGDM=","OrUSrVj1Dlm2pFg106qvRhjD5SY9FVxkrJ2Oz2ZmqAg=","s+5qFQChcYtPvcxpxZ5WH+osJq2OOKGay3bN1JypwQ0=","DKL+kFCeL3SpzTdP/nS9UYcTlVUtTqBU3bxlHkkb/5w=","HEmQVRFOrkW0mwLV5X8a4rx4oVLZUVwzkhSLrn3T9j4=","67QAjcWlO/g8f0NkC6Uw7NYOjU4sYs/65IEJyaAFA6Y=","DEfLmgTEuRVoh82fwTlJyrNkK6RqWHEYndgCDT3koOE=","mM1sgrSM/Xh2K5pL8uJyumGm3hhBGqxw1K7EYzztlXA=","FWtB5bUaynyfZS1d/85G7DvKQsaRvJwKkSvO1K1QXYY=","rHx+T8/EcRdSWVRC30Yh+LqUwYsdVT7VtBWQK3j+nRo=","tK3B6/nWI/Mddk64LEv2lURAdElWZ0S0O5F56h+0V6M=","3RqkPtLVoBp86O+K5m+IzDzFa4oi4PgM/i/mMG83y9Y=","63IEjSZDSay7AtZ5fq34Vhh55wUXM7NWNQNjAbEWcRc=","IxUz7LJ+8myP9pHGtrnMLcXw/2tMpMMTqBdWULPITXg=","gfLodjNCUfIksMctagQvcAZaNumOx/Kha/yriSuXA98=","a5u1j/YhizEGwVrBT1Urpw4TMqHUIYgh0jA2No7vV3Q=","6N21p2ldtFDH79t00o/1Yw6eB8BMr6KxTPQdi1lva6s=","B6pVpD1Z0ZqowWzBKvkTgSrru9EkEBAkA4FKEkIeiCg=","Ti0ju+Hqea40ifpcOqTONZg7NRHNGKYP52OFGIpMpE8=","NSAtIcKl2DW4hJKDMIoEb1K/MjGOnhWmx3lbS2Pyw3w=","kbcHzk4IPCdMz2TE8506yTmht+vtKygD6Jmu9BSpLeM=","nAyDSaBjpPUr93n0Fw5tReHizc42wlOguoRARGchGd8=","PV4gPY4WlragKguBEpostJXYuPmgFQXU9OrhYueVea4=","ltzvfsySqsBLaYYRo2YABr5fn1XXVUfgDGIFVe5ZGUk=","+wTLMZnZAsVD+NrvHco7tsDzebQraDQ9R0sEjMakOxA=","U+Qpr+P2cWXyuQ3v5pDuCw9yLQp3o3scqspdIpnrhRc=","9+FkLsQU+nF73cqk352ZrhheKadQn6qTaeFU1O/0VwM=","2sikggZ989qHxEKa7Hwp6gYZDV+lH+9C7v6Jpljjclk=","ZjOQybH7qBmcrRDhPQJ/XurL9zGhqti+PfCvWqaa8KI=","gh/6RHVZZ8jjInDH/VM0KkvCAzwyP3nTgHxgsBxpsVo=","EZ+IKj/Pge+5ZZimLorcIQah6D1a+9burHO99djqUto=","qg3Tj1M6jLJwz+DJ6WEchVio13e2Z+AVQikIABg2OCo=","N//lVJl2DJPcnEbZLI90CnBNZW8+FssNzNiQ56jEwu8=","kxpSRZQl7ZJtW66VsTPM7+kZ7xXAaAbCF1netj25OSg=","cyTYF+lTlbOswiqBjctd76cGn0tAeeDLqvEu63DbG84=","Q6Wz+MED7B3SGWepp97UZRrx8AJoE50GVG54SzloEP0=","0ACJy/Ss+wF5VfuI66hG0axdoQFL3jfChIFdpidffrA=","vbtH8xwaJkSntqZBuItQT85TxHY7uurBkWdf4dAUo9Y=","hx0BwPvLflCQXRk017KCrd6fFRbifMMqnQfWmZ1tNhU=","A4lDzfzYS9upYEP5PC00sBzrSVwxlWav8TPNrLPICig=","osKm9leuGA5ZeSNGeJmtLJXtFeX10xTacSdqhmzbbbE=","NpDHdL3dsQA2UkMvDhMLe/YdRV9dguRm41I803A7HtU=","XMc8eZRRTTdbNkDDs+eXEowCLYpmuAgEhhipctce50c=","g8ck2ftZXE5NASdf/zOHVgjVXAYSZU2uS4HZ+phBAas=","VY+/WGjTX5I8blyikvUR+oXIGY60qZTTd8+NzKF7GL0=","/D9XdIwgfbcfbq9uXrqKMb2Bfv+ZF0jAA7jt+QcHYhI=","VVnZ1gYAk8o6d964iNivxWzHv7i6ztIBCbuhkptXudE=","Rwi9wSnlLQhNo5/FDGi14k+cxNrz6PZv/lMAlzEQXW0=","BcesGoFtVmu7K+xmv61HnvzBBXApTPaswvRaUtEH5Tw=","W88S9mItVInfDGvl+U85NwV+Ft75nhqbPZp3BPcsUho=","ZYOukPq9/KAq3jYVbulwo1zxKgJ6rVaifsp/JKrvhhY=","pZLS22JfaoCKKyOpmzWo6hv0eRxGKHQBpqOIxAIhbAE=","JOj8/YD3kd9b8yqp4XsOsdNECwfVwVD97dRtnszsm5E=","q8iRDi8FLP7G7gTgLhAqBQQfAMpBK05GIne3PVrXQT0=","4tD25uPqB9oOW/a8ou9ydwUS4VAumy9R4UHq74kq32I=","rpCAex0FaDOmxZpAaxkG9lK5Qd7F/nZOQQ/U8hy9W8A=","s/On+xtQhzYJjDcb2cgB392/e8GJOs9SQm2kDZKgJqY=","dRcVyqZQ42JXGfNpfI3Vw3EMPJT/y0vFhBv5EA59kOo=","+dxojJYRFVvMkXUQTiO1+9wfNkE29ZbiM8czqdL/72c=","WxDCLq0qCA6rSXrmQ9fToWpAaeQzwrbWmCvaY9Kxv6c=","HPkK+EKtjSxs/22h0WBUw4SZRhKXhR+EWtLMgTV2CQw=","fY4Y0BsnR81j4+6vP0UMyBcAjgnK72Ll8vkDQ7GzU5U=","qhSsooi+EVoCS7GTaGLpC8RFrVaFtiU7bzYbon1NZm4=","rcx4TXL4VA2V0QNse1FHpKtidjaHkeIHCYVIuL7m1DU=","pxffDjdaq5QEjmrz7uFa3p9mAP47rRkgf0vgkBAEOp4=","JKWud5gdf7W9bGzmFx5n5P7fXQsrBkui6nQraJn7b+k=","saZpgCqFOwnSDNm5TpP0vKAe+6z4KPJ5K0HasVRxLSM=","kpdVmigXgUbR/I68heYf7TutR7JReUdri1kVFuI/118=","YunsESxCTmGuPXbYIrUSQE+QWEKe99mGFQ/KqUFpiOo=","gFaw8JuWNn2MjSqz6RbX5MipnhvVYHh7HPYQQPVUCKU=","b64WvLHtToZueaoe/FQi1O4ib8BlsZbEPcw8hFzhC3A=","ZqGrwHiGDhhptGPurbNpN7dSSa5zUA4FtqieuX8c6NU=","AvD2Sza1e7VpwBx7yHFwvtRPmC5fDF8LCTK1VLsNRoE=","9IZ0FwzZ2QN1IMkMDw5wkqcKc/hB9O8Mk4amv4EJqk8=","bzI4szC+W/H5Pd/SupPD+SFHNO+zW/3uw5ZznrtlEII=","9I0XLC9GtMexlc4TKrWmxmrfnmNT6wP4iCE8PdknT48=","xR8sHYLRaywi4o8NCN0TKni0umYHu2hB1UqXiCFogv0=","rtO30COwl1goZRIdNIfxVzHoChXk9vfyBIUkIg850C0=","KSCy53i5kE7FhaT8jybgLfVv4Ny89L9PoYKUCpWc1sw=","BZG9zNaAOEh19PkSWumj99zPjU6O+hZPXAdXn+sFoOY=","CZ7gpdoafOsr7Lspro1UEZnCwL8qUCsM1qj1Cvx5ing=","qwfHKW4LC5RiM32LM8kfMsFm3fDgpWmLq3xAsoQuweY=","j3xBZPboB+YGxULv6yMGbApQ0eNApOLxWgvxuIrHeFM=","89eydMebCOdPieul0ttxNKbgnkPmE4n5+VHlDA11CC8=","ExGOzlhpKoOQsvPe/i8hxzicYICkNvERkVMopQLWNsg=","qbRMRAtaJKxZFUH/u3vCHJqwk3/4lhETScUpN288wqI=","VlezXEnfpTWGTCMmuo26Ey/f7zLhbUCSX6Y596OfPF4=","LBUpKg37HDOgd+1tnunI8IpoOV9pg7oFP1EkiP0oWEQ=","ZsWpKooWBmFQzeEfqMrxTKdUcCgJ1h9Xig/8MPSA8Ds=","qx6JmxSUonZKWarvbnF6hiVgQrZa7vXTa0QR1h5rRxg=","1Va5pWWqiVI1YKyMbrThaBVEWscDf5rapKnfkEnNIEU=","c9/xYAx49P6VdMRuz33rIVAkx//AAQBWtkYvzYeMOgc=","vVMj6sxEy9G3wouRRtq3fUoPDr296UroiatO2P+HAmk=","5e6w/R9/0sbSu0hUNV1BMLPrJExAveuOh1qA3GS2iZg=","mcFMBHgLHwrLEecNVv/BEosOXkq4ETCfEqqp+OwDAcM=","3kzW3m4/qhw+9/kTlKpe35VOEyLM3DIgaZdm5Lec4ss=","Ext57Ta05bbrAvCXFfrXIzhhPuIKM0Hl0waiFYsKYk0=","YOoyD6XmBoozip6oHPWNm41rLYLAxcJ0YehwGCDlRbw=","BpMU3j9S8OA4o60xegnFKTCkWz3lwbmESKd7mTNhCyM=","Wlwc2djHjukG35aSURV6qwGr8PEBUFxEecfKplIkMpk=","dkg001DtknjlmxDxPMqoivym90UiTj2CH2JfHQRszRw=","Kl35FaAJE87Qhpyh99HPaOQurO6hfqHFRya3MHJHePs=","5X0N1AhRpizTkV8ofM5VCVh3DVgLHdQVgtGGg3TKNpY=","pDgiOJp5DcvBzyyaoL6zDr2fhmNWkkMDXcusSBwLK3g=","Mo5i7PXY3pYrPu5WmzeH/diCboWdUAPgIKafUGAS/P8=","IPmA/fRimmmzjoCIEe646bhn0pcDymixN07oSWlAquA=","nIwrWgYHlpKhEfOL5F2soI9k1vuYSwIiXFQ+M90bt4w=","aeYODRDSRlRFncFo8suQPR4nK+kO8Wjgm/f8SKnQyFk=","XhzL8kLUnDmgry5DZeTWM3xR7H+BjvBT7RHCpBg0Db8=","FaG4WJExV/4f0wOXijxC50ZOyJ7BfyAdZ6HwROALAW8=","nb0LDQLgjylpUtbxR+aexMZV/JoXKx+jEEN3NOaP9t4=","qLWd14C7BztaPlPjXMKOZ10X2ErZmuLhpUmNH2aRCOA=","xETWEm+LBhQg8qlhYZzHBo9g+rcrWll8fPqmGsOQZZs=","j0A1qarhGJK0vS4aISS386TffP0S4LC6KkuIpWUa4Rw=","CbBzw6jnja7FQ2dCeAsbx05ceFhfSEPdgvQ5jT3wdTU=","+F0BYpEs3y8ogciwn39bxa/4dpkC0fHgmN/TiLGMuhU=","5WTQ7FXBJJa/ZkDBKeJC/7+gYoAcgGw7kihk8gkxZys=","rP5XbvmLAi/xoZi2dU/gcfN6W8H234amO6zIPAEGgB8=","pmYv3n3qI2bQF8K74Vlcpi72BA406IxiyIv+5HIdiho=","HrNi4JV9otdunwTPLep2VABAZHJp9Pa1/BTPhmh7E0Y=","EWlGfvissXnbnBkJUtor000iuf4xre0LLv88ViMvyRU=","MZQoj+ACselrSmMVDTb404Rjum1Iw8TveTjo/trb/cQ=","KclyDg95zxOMzyKTJwmogT1HJ4+NmsaaqslfkfjnpHk=","LqBOF20aktSws+tcCqZ8xpxHsTHYy/G3h5R44yGKEbc=","DNpiCZYTX/r867YPRSrYV4+bd4MwKDpHADETY8wR8rA=","nEblEdwo3dTUr4mGtNPvgr12IOg7M3LJapBdbjezVa0=","yDeEHZrMlAFDSgFVIBOD5E+AS5AGQT38vLucz1nP/hY=","hnAVZPLpn/Yvqltw5ek3F2tpFNiqyXpNzPyk7h60Zbo=","gIix1aK5iM8V+lQFFYuS7D1gx4u4ve2KoNoA/1ZwYs4=","UDZs7unjtHvsiBvGkFLpkAL2Ubw1s/BE2y9FNrmwUys=","YIeNYEIsFRHIc7Cyg5Nj2XQRStiSC24OD8SKcPmvNZ0=","WwSLG+ehmOo2Z1C2sBN7/K0oGr2eP1aWuS0zQ0OdVFg=","9SahAeRzRS2NlgB9/QzxlGhmGxh1PHqpgP3zJzDNRrI=","qo6BdAMcvhRsBIMiToyJgra7YWc6U9UmgYEvKWNFrGY=","g4LghX1Unfdta3mCr1KAkF9zeffV/ECTrcskNGZvv0g=","fvAza75Wnw/aPLXZKCHb/BYAlPjA3KiaWZmhqe/WbZw=","li1f+PgAN3xj5K8KedTE1tjpB4LrA2lL/VTzbzZ6k7k=","zeXvsSjhz1Z7/2K6dTrCvnP9BRLrw978Ul6ZatxrCi4="],"block_size":4096,"path":"lib/echarts.min.js"},{"block_hashes":["r0IN9bnKipU06AbfKpUes/IrN1u/871QDxMU2uOR7tc=","siGX9Uhl50tykBN6LIop5Ka2TkIzYqDORippBoX9sNg=","V3kBXzCx3tPzkqtGe4nML6fRxRMiWsnDpYkLQ2jXTGc=","je+FHRl3gNIlx5zmCk0EA5CwmgEkWu82rYtOo8NcvQY=","EoGQrLdC9uM13zaglvWWv/yHEnxh4EWGSVcqqAZNlhQ=","BzLNRzD+3QENkcRDI/m0yw9bUQbmDJ1vQQziTt2b3Dk=","9Hm8z17pIbFWaJKELM+RVQY/g2m/BcVTFAR2gaSy1RM=","65Cu/BDUhqU4ALE1Etaot7cen0LCCwD+rUqsmsXA/eA=","+3lTMa1Rj6HiXQ0u44+xLugAJQXrNVE8SteatGkt4e0=","Twp8++w9wDpuIU4wqOSYue7CsDMhuTE9SsONUSIkL4o=","e+zf+BpRoP/yvLoSL9/nmOXvvBQN7Y2d/q7UA+hjHnw=","9QwHxboyqi3LntDQcgUP1neOdSLE92dTt+beBxLA9X8=","f9mIhVuGgHjjqPlFy4Dcw33C+w+iinkcjLiUOU1Y800=","oZqoCKzinXAbbVsGseoonW4vQ19wDFwPJrpT7rcr9T4=","ML+6I12X6yL4a9l/aT1+MGkSzHJnnTfKPK6bnRvXUcY=","YtWco/+EfxamXpiT6qBSX3i93tDOkQJEnU8CiEkE96A=","sFn0Kj5Zqdzh7olbmwnZ+NLs+/ZhYtRR1Yeyf6nVzbA=","vQSKRXACXdvoRgTOgUlhNYQZOv2+jm8GqzkoFWv04Bo=","tgp477RjJMGW9uZrg4l8K6LSpRcTrhKrYRqY01Hr3vw=","katZwqXEp/0dIegX2UthI0pG6q09su897cQd1aDRTEo=","7OsqaR2jyQ16YA3Uy+QJoAz4oyFahbERSeY8ThFeDZ8=","lJKOTkHZ6v96dX1qVg+WZM6JI/TZ+WW9Psa3MkV9JsU="],"block_size":4096,"path":"lib/jquery.min.js"},{"block_hashes":["Dqlp1jbtMu4KZp7+R9Opa7HCOyI3TK66SDIr8Wj3iqo=","0hTsCqWz5idizApAS+XcBukRpB3gBuJorTR1fQCSabs=","cGgYZ7xO/jAYngIc5RjR/VEKL6srKV6v395ra3IJgso=","ZmG1eQklleF04t87iZ0QBWeOLpPxeFopx6H2bYOfKiw=","xorKnvdFIEsK1ASkRd78Er4BRQlz4fOs/afngevqdKs=","rKdAtLzHRvWwFmH2HgTsle9YqJaOmhz4WTnvaVSW17Q=","JdfxhttsTuBXiRUxYpNAceXCrSliAa1jGFRMRayQDx8=","Ygg/9hskFCCt2NLfWPmVhFKRbVP/ZuEFlnfkdDwU/Jk=","9qIGSODdaqeHYttwTNEF1qbZFmBa7Wy2QcDB1waHq48=","O5ggybOsQXZRFqcQjnnsX1X+JHhUExJQPqGtXHjM1R4=","Qeybts/4c4tPJr2CnhciUOqoXwUGlq1MKVAGI41ubr0=","OrYNpFI+Bm4WhIvmO2q6Ndljv91duoPFmVeBjAOfDdY=","R9BWw3zvfuTQPN2kHsof/zMImOMhsxm9E25MvKR0hD0=","4bhFFMLqFA+6ueO40/0W7rDxGff7/xJde6uLCj6vpsU=","a8MygfI8WY+/aOGMORGTGvVMXzEWle4gAFzEK18C+Fc=","wMRHe+PXshaJDRixc+AQO+CcWBKu9z2elRvWAz1KMK8=","stg9KzUW6EvOdAjN6beXml1Ew2q48Dm5sI5gNE4nzZ4="],"block_size":4096,"path":"lib/layui/css/layui.css"},{"block_hashes":["bzrf8MTF2O0I6bsAjhlDMZMujL3Gp9b0K7SpdxzLKsc=","rblqsg7GB1rkz/weiv7K0Agdo0STFZHLYxxSeEt29RQ=","xtjv2Poq3Ua3/ZTZK3tI+5ARpJmBi17k0d8UGOUkzRI="],"block_size":4096,"path":"lib/layui/css/layui.mobile.css"},{"block_hashes":["7SYx6UN+3lnhgLFKJAEK4SzAU/3XM8/mZcFpL/M0oVg="],"block_size":4096,"path":"lib/layui/css/modules/code.css"},{"block_hashes":["bOLUt4jG7bq1cPHjiI25olwn4LMXaK5EYBLSxfTsGao=","3SxpRIlYriQADMLdVxcxVyDC+525la4Vnv0NNIKue+Y="],"block_size":4096,"path":"lib/layui/css/modules/laydate/default/laydate.css"},{"block_hashes":["ihqLwGs3OQHA1fd4Prq6ttf7ZlQa3w7Et+/dP+94Qkw=","aFqG/pDXFP9zK64yhRAsgwmCRCJKel6Ha7ToBbM8vTw="],"block_size":4096,"path":"lib/layui/css/modules/layer/default/icon-ext.png"},{"block_hashes":["v9OveIoEECVWLZjNL4hqnahGd5Fjlwk5FwQdDYSQxzw=","vYsxVfo5bdZaIocGiOEdlvYWZBDO30vHCudN/+x7nzI=","tWh1srtQTLjEshwNDLdnRpCil8qScTenFx8BW8U6qNg="],"block_size":4096,"path":"lib/layui/css/modules/layer/default/icon.png"},{"block_hashes":["UYicnRO3aDsvmXhch+YwhetrqKJB5QTnTxkcrts0ZAc=","juWD5dGz98/z98VkMNJXZgUntG6jHd63z9AFeY6a/Xc=","z+LE9ZDwHYVXSknkK+I/FaB9t37EzQvtILhgEcDpJFM=","rPC5RgVB1H+k9v5oVfwISM/lsHE5NUIvynLtEcQNrVs="],"block_size":4096,"path":"lib/layui/css/modules/layer/default/layer.css"},{"block_hashes":["AnB1ihwfihKY9GIo8UAiDBv7eKMbS/K1bJLvBUtbCT8=","BvSrSZ311NklyoG34CLsqJl1X2VoVMkQ+iGLk4oG09A="],"block_size":4096,"path":"lib/layui/css/modules/layer/default/loading-0.gif"},{"block_hashes":["fGOA6ZhcjkmC9B+NumTWscSnmX0KpjXZ9Lt2Q6uBUkg="],"block_size":4096,"path":"lib/layui/css/modules/layer/default/loading-1.gif"},{"block_hashes":["FuoM9m1R79u8KmKxGrBBn6cvszIIRPHQ1xBIAkWsmSU="],"block_size":4096,"path":"lib/layui/css/modules/layer/default/loading-2.gif"},{"block_hashes":["kF0XYl3Qu58NTwMtGObGSJ8Ge4xuEikgCATGDIHMNQw=","uLMV3EVjgyaOpApBa7zFw1bUwGijkyUI4oZnIT5yFP0=","lhvG2wJJdn+JTKfCUYqSS+/xasG5uPSdWqs5xFzhtGc=","nTaYRyg/a7VMvsDfTWV4xmHnrk3s8R9rdw4pPJwQX4c=","Hby6wl3Q8fzqkTc/Dht8H5TgQ1jvVQ2qddFt/Zs2UUk=","6nrgYXsj1Aw0nCDMhIYrBHuSBb3kwagopoMXw0sgxVI=","CVSPScAA73oleHf1neYJY64ipVjixkjHdXWoK7fExvA=","Ds4Xz5DCCwkpFZig3JGxBDEtK1ZuKJ71VdP0mJTjdh0=","hvTb3FoCnGlSvJ8fU9eIBlncUGie29fFJVmYtwI02oE=","eeADIWEwkOLzrinERnBLT9ydd08D3I+T2l/SV36+zoI="],"block_size":4096,"path":"lib/layui/font/iconfont.eot"},{"block_hashes":["BtQur8EOcenUfFC9Z2hLzfC1YmdYWUXRCLmHfxUS9i8=","Wehe2kbMLhN2U04HmZy5sT+llUbUf5Gz+JXWG3F639o=","iG+FuEk1oO/CCYx94dPw/hUU0IA/tlk+kpNpu6fsOPA=","tddp4jgBQyswCJLZjuQlwVhUaesS+ueRfQiYIQH0EwE=","lmiXawUxKCieqF/VewkcZYxcSH6x9DU5Xr042jyMj/Q=","Lgipbqi3ZSUY25nvpSfZHBa5N1oJyp3HwErjJFP+HGw=","p+UEcJ7bSjJNCnifXLi5846wGug/CpelHE+vNnwT2wE=","riOcB2Q1F56AyNB2QdrT1i33oE3MS8mNKiPXtxOjofY=","gmDeDjKZtB7DkKMMUI//HjQVO8lnUSlRvZx8OccYQZg=","gwPq6BUv2lpaUzkaMc5cIBWvDounEaAhVal10ZbQXBY=","tztPEAUZC8NtV5zSB9h1HL2XCaw794rezRTDlhFjhwo=","HvD/T3ZDD0t/kBkj7u6A+t7pv+lzCtWsa2QAhFfV/Fw=","JvfZLQkz00mlvG1WE76sWWSngQ3vyTi41gAFFILua3U=","55fxEtkiOPMFwHrsAQqVm4BgzCsFwiiy34rM9On6uxY=","WV+JYwcAe+7TrdQ5anxAwfxcvb+2HpPRPknVleawMuQ=","cfkoo6f+ve3EatPu4Pps5XbfbpUry8ik3PQPytmBG18=","Ux+zvS8rDQPxyJnoedfXXlw7+R9gHp7BHdav3zEbBC4=","Hi3zg0OcH4CTxroIKKKawCvDnoKzc731YL9yRLolq54=","Z2YpkpDjelnjhlQLImRJkbzTCJxcFtBwXPTzDbgijUo=","3d9/t/+OmqN9hYv7w/3MdbEmfFOQlE3oS8uRAz52tTs=","FzGkokUJ7vEHT5b4K5mroi/BdVaUXpV7lT2ys+FcqsE=","C+MsIIj8jJRIP6Ve9hN+/t/8n/pOulYKTcrXFSxl4xE=","iFh+a5GcxWgVachU3mRf41ZgUXhZtiM8XgzTIWuDolM=","ytpEjPCA6+vLvyQnYUvnDa4xQcquXnWEKu3xdRqIxLE=","rbVk7rJCIMw7YuuZv0utLQ64uQO7YfmVViSQdRjrcTQ=","3wSyKE8A6YdLCM2/zUoA6Q947S5yazFycc8PO/XPgDg=","0SUcu5vTRDGSvyx2F48xUum2q+iF2TEHsDG54bpT/uQ=","j6O8ZJ919k99YoD7D2MTaBzYfwVVDtVPCgilN/N4Gpc=","ZJcpqyk60xykD7expjUtEQwys18XxP1thCa7SL+zPHQ=","XKfxfLM7lF5OiD4/Cv2A2PCK6aftIGb8wENrezodwuU=","oNetglBoikZV36zLE2JQ/DRq54CN8xZD55fBPA58gO8=","QUKj8FpX3bX9YA5mf0vz7/YEmCjjZusTvkww+Q9uZsk=","OXj+oq3NaG6lAbgXb62wuxn7jcVQlxIGriNG+KydQB8=","R7ujC6gByTfszQXqUwXCQeL/SxlyT+iEbv9aRJBvtro=","hKeWb8CDOy5jKTE+c/4ZWRVwNGzcJDxZMVkIk9zQGPs=","Ds5YrypNvtlzmd57/Yot1vC1HyvT1pggfcgXWcSgoYA=","nyjv69NCkPc/9FVzIpYc/XI0Ygn4ATlIbYE70+IcntY=","QN8AOdd0fU+zHMb4a1sQiTKSlLRK81WuWQbKK0XumtE=","YYL1Z6HEwA41A5j99Szi9g0HQ0LMox2tv5ACwPec7yU=","zbGIbPeOCN0RvnjEup5KlR593D7fBUy9KlNmqzjo2/E=","wNITOkvi4g8n+X80E6Z/KIEhyX/BzZg3Jaw9ZLHgaaI=","5AM5TeYoqhCZoEiX4+ackfhpoDA/EO8uizQMs02kqu8=","5UPkbbBIHjceN7AZRk8gbDd2kxS05Fn9I3AVedmrjNE=","80CNFAlsrVyZF7sOMnYzOPz4b9BtD6H5USdkr3GG6oI=","sUxTzby7nor1ESn8x2gtzb7HGZkS65Uc113VjBOj5Zc=","LUCmNSq+UFgUbTyIjuJ2jvM4o4ZmMEyzBHUfaL8IZsk=","nATKwmWuSvZ658IbNazzwwwH3TKV2frNvvfIM1xLurw=","iR2ZKNkGy1AhXK6NVfPhETC1AAjtAO+qTX59+DKfwIY=","K71ycvJoIW/Md0qFR1vAmx9N6DnFIvU8wlwfgq1voJs=","eaIHEUDKeflJBL+TRn8bt5Dfx1yLRvOgUEtSdppQj2E=","xX2WTE9Ly8nQrCdYNzrlYumSt5fnzwIZIDTZMNpz8X8=","IkaICFgHeNr++lUPV43oA6Rwk8xLMW8u6Pl6BBWWxEY=","TuAW3sog0q0ddQY2Kyl+ZAzw4oOE7BjM94BsbRXP5GQ=","Vbkud8iDeB/V1o2s62qIUaOoEOOkzrnxlMwQPYo25ps=","PggSqk6OiwbKmyjJXquFfs+vK9mb6JNxIgJ+9+59Ggs=","azuOf5BebqdRRlq1ZjRfTzGRHnkPOmzdgbWqyhDUoOQ=","SpoQVQNntf7M2WV2H3XYt3GL982+4v/sr+S/iWrRkXg=","bPraBGm66BmSaYlTyOrmP9nfcaMwGIkrW5fovvWUIVU=","LVlHZbrXFJIJIvJJe9HhMGFOkhYi90GVtNPJtzdcj8k=","Q19lIf3Zw+hfUSbuGbzJe4fHg7znqw9gpwFUzeukWc0=","SQrdWmoSoB2YaCOoE55rWpH0/desJJVPLYXSp8hvr4o=","qbWabFet+w67Cmnn+fEsULvBkaLVqGMpqc5YgnFhDro=","5jpzLrwJHQXLkoJUbFWmdn+Qkg3pt4a267hNxc5X1Yo=","7mCKhI+lOdHYxAfgy539TRZR/oCDQi0wu3MjyQVOHK4=","de4/QH6K/Wg9tFfD8Q4OCpqooa31CmCXCQ1q4zLj9D8=","uXhvU0S6n4YyzpRyjNPnTw1J+V8XfgOjw1bCi2VkHw4=","4a7VA0R/3vq3a5emvC1qXi6tD0ow+LnACBJ6ii7xm+0=","brnEvu9VkgnIrP8RS7ooSDdxQzvCOCXyHcTFLpTP3PQ=","mSQhx0oArj34qoi1yDaDbLYjKvLlNU3+nPVpygOmhbQ="],"block_size":4096,"path":"lib/layui/font/iconfont.svg"},{"block_hashes":["hU60E8cCMzGvOwLBylUQPqlGmcrKiumwZerICBj+imo=","nxCywK/nXiDdxMgVB8MuY0WLXWoebBP1LNm388Bb3no=","fiXJEas2cb57ZoZLwRl3ag+HWHQ0JpRffa2qXdhgvW4=","lsi2/A3WiaOhsFO34O98QLqGTJhuxhqxiFM6b0Gg3pQ=","Lg/ogteOSrShsVZ75FLXilPTq9wp+s2gHReetdog9es=","dr88fQ/aSySGPlP1p7OEncS2ltR7KItK43cg5DxvaVU=","KDF1PUiZBrwG1u/BsshqQ6/J7rCWz9ForIrvSpZvef0=","oy8HnGhG01ZUZJFhvu4Ryh+YSIgYqQ6wUlkZALpBuhA=","PjOew985TNoAPgBWKmtE/tek2FE3BnKRx/GP5KaDAZE=","OpRTyxrYFa9RHnwEOd/wDr1NxDTC21OHWJmQfOYCOtk="],"block_size":4096,"path":"lib/layui/font/iconfont.ttf"},{"block_hashes":["m9wcw9tUC7mIXdngX1+rL4ICi+3msudtuUMhTMNtv54=","mnMd6b4XnvRh3nemgW788OQDBQ/VusPcuKKbq/sHiXI=","xfLqmRFgb3qnD9kGgIFE88T0DKw6JYpHmqVU4oOF8WA=","kRAxEdbYUHF+tie2kIzkntQii0yzLQQesfAz6eiSMK8=","Cm7ipZCF33hsh+DVBPJIQJOkfDr03LsWSub6/HlnwD4=","zbxgnnRqNY53H8jgM9/C2Vv/mSkh1DBTXDCf2x5EbpI=","wbwe917SNkNcnfZ9Y7Ym0lgmz2ln++bA8anKl6PiqS8="],"block_size":4096,"path":"lib/layui/font/iconfont.woff"},{"block_hashes":["dVT7SaR2SZ8HeGAg9QsXXpdXvOH220wk4bRmPiLojGs="],"block_size":4096,"path":"lib/layui/lay/modules/carousel.js"},{"block_hashes":["MwnV+LBC2SqU8MBqcEDzDh8v1EFXPZHx9VovMxFGxQA="],"block_size":4096,"path":"lib/layui/lay/modules/code.js"},{"block_hashes":["Nol3VLTU33bEJC0Vo39zf715xCEIMQo7uRHEI8YjSfs=","AYmJeLQiibFi6emyHdS5DCPZsHm/QRA1uClBeTjNjKs=","Wknsz1Rt31/tUQ/bAfDcBwckSJBoRhMIwtK8Fhv+8Vg="],"block_size":4096,"path":"lib/layui/lay/modules/colorpicker.js"},{"block_hashes":["rmYBVIgFqCTlx9Dk2iy514NSezfAkr7SEIgoLajhD08=","jimpSmm/sBvM0DsXtKE50Nsg4MSBPi09AOthML4SNDs="],"block_size":4096,"path":"lib/layui/lay/modules/element.js"},{"block_hashes":["FzHJCPU+YEqbc3pqQcAWU4CgtSYWpUqjKdRhKZc9zNo="],"block_size":4096,"path":"lib/layui/lay/modules/flow.js"},{"block_hashes":["y4mxLyq45/XU3YwirYN36i/Ber7MQX3Aj1ylnhobdsg=","XQ8layIzEHadbeBjV1nRiSy/OjpbA+uk4Re+vEiJUfk=","k8gzRtdx2fSYToIE1rMLdmYvzQZecFxuUduRW01WiGc="],"block_size":4096,"path":"lib/layui/lay/modules/form.js"},{"block_hashes":["61Drm7+RvlHVOSijBC+eEncrNhyUxL+IxNJo9BCylFE=","gcHBZcmry4EkO+yxEOqx0GSTyQnvptBpPZKHz4WHQZg=","X0tKkRes3bnX6a/NWXr+GiHuPS412Ikmp7kFZ1OQSsg=","N86EWOc1evSPhHKelodSjY2M8pg5/AM8Cozokl3A6zo=","NKV0YYqNskOi7MmqdvkyFbqik1Poi07FkEUA3uhTPs0=","QRQEFWRWjmLyD8fFvr3m46+AP4nZVxJoIJKgXZTUidI=","vDcERU3i7P/1lnZy/2eaMTMLhEY0ybnAMkFD2FTAr7I="],"block_size":4096,"path":"lib/layui/lay/modules/laydate.js"},{"block_hashes":["O/Sj2RLGBmCBRYeUyjOOtcJpIJJyUdBdwvJ/Ymg426E=","yN4oJPRAU3ervzs1oXWPllRh6dNfHGExnS9t1Z/X1zI=","7iaQOnIXtQ6FWUrwAuEUYPITHc87eE6K5BTUB/sJiVI=","o2SlWwNTVFU3cv5UAfhTgS6Dl1T6f4LKonpPRj6kXM0="],"block_size":4096,"path":"lib/layui/lay/modules/layedit.js"},{"block_hashes":["djhHpZ8UP9EW2adulqfbOrydY5TXsjxDw2SfN26BAlY=","I3Yx0FvcetBITV2FTCHeFHFXs0Yzlj8wdkze8HwBUS4=","tHsvygs13E5ggpEdIZYPc/OmqWiqwz1mQrBqY72Au4A=","HPZ0MpCdwGzLRxXixLUJvXNmXqeFVkLdRmumf5mFw9U=","36mdu7RCIZ5hhjoHnZEQUGqQ1wAB2Ln7LWi7KTzVsDs=","uqUjIqXjBXCKafli/wqm7tvsrEJ2rsDSlQI8lDWCsCI="],"block_size":4096,"path":"lib/layui/lay/modules/layer.js"},{"block_hashes":["nWfsH5wiNogEdzchRcknC3MDpe6P1zNGLiejQzIxBFc=","wfKuJn9zmLfCUT5nb8XQ6YV3Obl8YcAvx89XJ2o1Yr0="],"block_size":4096,"path":"lib/layui/lay/modules/laypage.js"},{"block_hashes":["YzzSMo+Ete5LpfisN0lx6kbb2qb/Wmis9czUCOWqKG0="],"block_size":4096,"path":"lib/layui/lay/modules/laytpl.js"},{"block_hashes":["8cn2kZmWwrVsbXp13Wu6daUQnIx18a+xQFvPoYWSINs=","MzMuGL2s5qKPGKx55u6dn3nDlXxD89TowknyaDWqy8c=","7PS9hnQhlnUBx8WfLd4YWSnUMfh8gH95vxbdQI8JoPs=","rRCdawCPFqhN8zDTsVeGqevwgX+Z5YpZtOKSWrSVopo=","MFTSo41bEj/w902OdCCTc6MK/LfJd+q0nZYz+/YU2aY=","vjctUKpRuRyfruVVdYKQvtkRoaSvIgAehmfDfHOykzU=","rYTyGhv2n5xAE/XNC41axT07sH4EZYztAhORNEIZhlo=","+3ARrAGN/6WK+qrJpOyeeCcqofIYfB4MCX7Mw6WBf2w=","W4tq/BeZVkySwGakR51aOB0rRlNdp04ziQGF9QQ1s7U=","Ovm0wa9vAt/9P06IKeQS7hPo3JZeRKqQKiG+EQbkrjQ=","P5moLum43i53TL0/FPz5n7heC3HvMXqXlWsFJvGOpqU=","lf6nBF3ToHgrkjSZ344z/CKDILhjEo9a/IL4qbfjo+E=","Sibe16zDUGjm7wgcCRA0uimwqPj22ygU5plPnizr8gI=","JQYL1r95nznWRUGres0E4nRsOlN1mg0Q6obMWoGzMHo="],"block_size":4096,"path":"lib/layui/lay/modules/mobile.js"},{"block_hashes":["OLJsbHX3hNE/Iz9tAx6VLIRJpiVBgTmF4PZ0pOSY6Bc="],"block_size":4096,"path":"lib/layui/lay/modules/rate.js"},{"block_hashes":["zEgGcd1IYaMDfvCHY42x4IoMmwZS9UehKASf27BlbB0=","5Z/zgA5fgrVnNdwPyrkbY3Nj+eiUmryC0a7z+VU/HQE="],"block_size":4096,"path":"lib/layui/lay/modules/slider.js"},{"block_hashes":["vV2L9qFKocNFG9jIiziFMmnAooqfGpISE8KSddC3Rnk=","OGBXdXXz4rxuTvY1iOSIlj/vAQtqxSywijHd1Z3oFjY=","0wVI31dBhttI1TraMw3lZQF8q1jiRmNegziXmCzmdlM=","dSE2QYGrqiNpIv2BpHI7TZhLSGK7Jod+3lunbHh/47Q=","2qaaE1Og8mLky20w3zgtv7o6qe6wHWN4PNmZ5oHuA0Y=","zS2rDjMzys4YNB7rLQNTlI0qbkl6Gkg82a32dz7EB/A=","Hec02xxJvPqffSrAoBqecEIwKP1ro6J07aqLvxYP7wY=","URApuMbDvnohOx99OY9nELTUfyZg25mpyealdSI78xw="],"block_size":4096,"path":"lib/layui/lay/modules/table.js"},{"block_hashes":["gYSKghQSIr6zBhat2A284+wrmQocHuPzwZTlk5R9WRk="],"block_size":4096,"path":"lib/layui/lay/modules/tree.js"},{"block_hashes":["7pLhB+TnoT1lw0bG8htHlKwKT8fDv371ulNBUYrxYwA=","Y7RZFbtq/0lrIBdS+f0PWYxoDP8jlkVP/aCQgNhgycs="],"block_size":4096,"path":"lib/layui/lay/modules/upload.js"},{"block_hashes":["DbSNfW3XAHPMXDDDxyXzkw1Y/684z5w1alJrNPk1dyI="],"block_size":4096,"path":"lib/layui/lay/modules/util.js"},{"block_hashes":["iO1AuxgboIK5vAit1SaYXOfQHhrqNeothWqOjpjsIqM=","5zbB6K7swGFcR3yibwCAOhFEbXt2iNmnuJzvuuBVV7A="],"block_size":4096,"path":"lib/layui/layui.js"},{"block_hashes":["8j6Cdb/610l7rg6551VtsjUChP5XPu33Lg6Qd+zTYNU=","ZbPEi6HcilCE9vzWNuJxnG5vtopXWkpYnA5KTlB3ZcE=","r44nVww+HYj97PCiRanlUUmtkAE/+pwYOT40qClj/cQ=","ZTrB1uPxzl2V8kwZZEPE3P5gVmQqT3AmDPIqgXoDxPk=","uGEbhXB3DvYFjZNdvzz3oAXvbSrJ/GOJnYzGe+rFjKU=","4umFl3SJ9DET5t+3rPSmCJOhSOCpSL4fG1riLZW2BSQ=","gou5QldYqWOuBfL6GnTDZ41VK0TFHi5mxe9OnDDfhE4=","qyCgwdNCnznp4/ZKsfFuQfRAyDwTvNTJpgiflXF2DII=","z/q8Tp2MKRo80cmv6uU7NaGlJPpOjJI2npSTZxbLKC0=","O5gwsnXkcdwPSdksEuvgbfrK/MSe6lsocBV2lMl2MaU=","vhuJE6uE2SFw8H0LUiT1yG2V3didauon27S6tPfC1HA=","+7ob/ERprh+VXdvATHIsyESR+RlIjRtwotAcfbgb7sw=","W4QwE0mcqEgiw/nXcrH9V9uECV0TStuw3foEH5OvceA="],"block_size":4096,"path":"lib/qrcode.js"},{"block_hashes":["JrKKVA3lAc71nHJKFzLoI8HfoWSLU4uqxCeF74y5QVM=","Xaxwy+D2WEdfIh7l7FmVmZ5AVcD1yAcFhNWUzd2o4Kk=","0v23+YwITwS4+/175SMCEkBH2Pigv5wGjTHF8TrhqVE=","vpyWZrOOoonVYQxUImt0BLKcUPH7EShJllhD7HLEOTI=","PYPlUNmiI/ZSMRFNhI2MVw970JYhKgwcDun3S1qeqo8=","39cF7LsR9dGSH/9zwREOyobi6eHtJ0XVY535Tc8gtAM=","oiygiY3upl01x/LI3cvOd1bMah1IDI56VKgjYMh+wg8=","HEmLqumMoMBGJEF4h9VHWZEPrEu0pCxtolHXoO45vy8=","uvdjMOg4S0SrmGAV9TweMK2pGWbe380GUPL17pugYzI=","++5H7D7U3euAz+jFIRbx17LCcFcxFgPxz7GHnzB4jiI=","xQfhHC9lnZACgB5Ti1R08fQYX/ZffdkzJ50XkP7nUaE=","j953iFqSbDrUxKT8PL87Q9V2C8e6BaFb2ZoVnKrpbFw=","TKzwEq7sGMZ8YEAszSKICVKeqdpRv2VOn3W67KHCxPs=","cne1wGyAEMPXxxlmp96IY2tvDz/7Hk9xKWKs58z4VEs=","TpFmhaJvEqXjGQtBSp6cHVxigvmZMaG6nzrHtd36yxE=","imWztDL8zKlEF86sInH1nFx2FMFeL+i7VOWjSL2u32w=","5wrTd6PXIjDSsgPruFMIt+bhp7G3JL/YuqefJ3nC9Hw=","XUM0PdL2O9SNePzDiugmVkScCCQmmKOWi8ikWWgywAQ=","fye9ObS2OQjZl2BqqhBXgAMu+svuOsvTGnMn3N9b28s=","883/RYo6kyEzuMzJj5idEr1VNMGfe7dbl5PSXC8TYks=","9ekfbwkVvJXjEJ3soIsW98EbE85NIYkuue2gpgqpr1Y="],"block_size":4096,"path":"lib/snap.svg.min.js"},{"block_hashes":["HkzWnd7hySZIaQP+ReD70jY3Z/RCvdFnkfBupGRi/oU=","3vPHEQo6blXKnh67TXZf9uUf/a/9lXNKu6pfSYZ5uWQ=","qjf0FK8zQ1/sba/8CNpVZ1YL+iG0Q3TUUsLlsrxOch8=","06qS4e20HNylqywXgvTK0/z5lVDq61jXyh0XQcumu4M=","G37AClv2rk3EN/chzN3kVESybetEcxP6Ifu7PA9M4Mc=","HmgtbbtlcZ/TqG6unUYwoXoNggWFkR8jOQWa+ZBX83M=","20tgvs7+ViX4QDDclsgg3QvYwYTjkZIXCdTXnx0o6jg=","gs509S7AnFS+1OoZF9tHUTkuMpUoQrgvWWJDEsjXvZU=","l+Sf0HmKPjLRgTSoDpCdGFqlMDnT0RLJO1rP5La4gV4=","tgKrzdiU8GyvJLJPK6vEmPmApm4eHck1/ytMgXfZR54=","xQz7DvbgESW4WrhhGzlnjlZXKnauR0/mT5QnjoRnTX4=","H/+7HkgmwXxe4EXHSHmj2Mf0tH4I/q8NsDdF6cyfnwQ=","+FEhzU4H70E3RS/VXZQ9T1JUEkpPWzRyhAnAFItzA/8=","nu1AGZgGu7I6wRUSaB5ekLjyc2Dz2CFCZGz8JO2eJuk=","OOuuPqcdaUpdxNHS0v5zDz5gyevzQpj/cSaPXZTyWgk=","p9CP0owgF6/00E6psMyu7VPfMGsdlR73VTxFYsWOwWo=","/Q9OiD/nuIZkVT8frZqY/cQLLoT0WX5h68K+s7GM7bE=","N0oBZAvXPe1s/iuiP5eCwMNHv75VVx6j+NquBkD3CDM=","S1iDljudZtXtwaWBpyrAjiceGXVoROF5UyuUPbBLoJM=","npxWeWrGB/IVmJ2HYmYdisrpBEHlSHnlF0FHwXKpruQ=","ELl83WNCf31GXf1hyAAITQLNL/vRE1cBLXwlM9fYkZ0=","AMdM7/nzHAgSOs8Yt7ONMeoaCF9csNmOlY3c1nT2/WI=","8/23sDXsAbnn2bvYDORqCcOgiTWHDZURvqyf7KVW9S8=","UV++Wf8+ghDjzfTiZ24CUD9S2UfaxCmTVapIfrCvA7g=","ZGHwVw2+FlzV33sAOdax2pSDHKwisZiHcaD7SxD8In8=","rh9atd+UGAjslnxF8pKEQbh7r1VE6oLj8l8UbG4wWHQ=","/LAZ2aInpb8xO+wUoyqWcT7132SyySp7vqeeQwaBy84=","SgxUTQ4OKsvjSxx4pQLcbEw9UZLQqeAfJaWgs4+fCeo=","a3ant5rj5M2Kb0hVN6PVQb2xeRdUEv0eHjC1jXebRsI=","4l14w/epjiL34pBJ9BPBHdlBfnSXos1C7B8UF5suSbY=","UdB7A1C73SEK+7WTpwidEwY+TKNUrSM+iQ5pSMn8PEI=","v9uz0pBNLNd57CNqyXHUGZxZ5ZgXBTlRNs2jnifG5ew=","7Z5MphtFzTJoMAVZ5MVLEZfe5oyMxylNalDI5UbLu6c="],"block_size":4096,"path":"lib/vue-csp.min.js"},{"block_hashes":["4jCOYgV/VcFkzU4KieO931vRHkJJajftaySMEY3kxZk=","VjOyXSwPfibmsWd5ViyMhq+EZFF6wY4Jk5owumxKlGY=","pstQeC2zo/nQ+UO/twbCBOPFPeBxdITT2xpiyA4kZzQ=","z74KGdovCeqgSx2agi1poU+qWaV8FUiy3eADXCjNXtk=","OOVJgVePMQg8I3bh7DHBG2vPqb5Z4q1srKzaiuUknbU=","cHGJN/cRK5CqUFsu49KlDdPVPGYheXeFcG6GupB+MRU=","4ljbToF3xj2Fg2y2kZkdWRljTeVGOT3sj6kocpxTvp4=","0vqMuynTeyDB03UEcd9Mw31WWSobz/RNjsfXmqiDe4g=","nTEfCp2A21CL3z2IKrCeYcK1wx9eNS+mRdLVPJAMF+w=","k2Fh8+Z4FYxdXQ5Y7kwX+nOpXj2rarTrEwwza3mm+fY=","iGvRZOLhVId5KF/KefrZRTeO8LmccmJgZc2uOOapUQE=","/UsC+asLOzfoMWkBoZo7yPnTDaJCWSfsb9HqoUmOoHo=","Ic8GagiB5VEjnePuO1UDwJRpsoI65sa3/0JIwqTYDtk=","BejOSOuUB3LROcg4KqYOxKxQF83vrbkLHY2WsJtbtuc=","MK2DEPwzjmbb97DBDe7trMaVSCpOMq2omF6amC1CvA4=","DHX2S24MrMPfVqM5P22QFmAd2MOOknXtiRQJqIqKOs4=","yHs5cewesbrlKc1QnvV4bE3ErLsvnjGnTjwJIaRRjG8=","GMJKPEBcJpyUq7TYvAMnwWnM22mEkS2xeVyaAN/LCIQ=","d+zBpCZbB4LVYmgUEfKqX2py9BBRsY7LYnxf8xRF79A=","wzQjuR7l68IHW19xr1CLZDf4QK7jOLIlYidY1YXVlSc=","bvW4LFBiv1hNnaGncb1zwBsvv43w1RPY+9rodinjBp8=","gMxQc580A2CqKwr7FpZOx6itRXXcctQ/ujLrkPl8634="],"block_size":4096,"path":"lib/vue.min.js"},{"block_hashes":["sxatfQZzEKhFkdsIdCV8sDncFNjpy2Z4SXNBHazp3kk="],"block_size":4096,"path":"page/aria/aria.css"},{"block_hashes":["pdVMarMlYWuBjH4muHp8FGDQsp3JqLYt+7VBnWItYJU="],"block_size":4096,"path":"page/aria/aria.html"},{"block_hashes":["19nm3uVDNWZqJwcdVjNlMJ27hws+gm5B2f794kg2CdQ="],"block_size":4096,"path":"page/aria/aria.js"},{"block_hashes":["LZw56VnjAnUNU1236Zq9utd3Yk9njNGjAjhsWYfxMM8="],"block_size":4096,"path":"page/common/base.css"},{"block_hashes":["kScfWUpykgrzRkqrrUuDFEr2XmBXZZbYklRwp2trkPg="],"block_size":4096,"path":"page/common/base.js"},{"block_hashes":["JvHzVwXLu326GmwIYs8giEfSb321ELiI0AHQPmzoL8E=","8bLz6+LTuohdZMiDswTzSrRG4kIPJeTmMSj3NoU2Hfk=","zTB0e6iZmy7/Ne+qzONRBPRQGybslwDuYfQgsS+7Lg8=","q0dgRpfWhkIweXy3R1u/dnzedXLUQ3d+LvSXttik4ew=","081KiMBTAF+t2CLz6dLhanbODTl2z0Sd8zw4fS2kLOk="],"block_size":4096,"path":"page/gain/xzws.html"},{"block_hashes":["FhfWbHD4o8n2yN3XNCE81dbwDNk/S2BxbvzpEixksPI="],"block_size":4096,"path":"page/gain/xzws.js"},{"block_hashes":["qn60/witnk5+u7jmCdrhaCRTu98qIMf8Fj8uKI50mTA=","hgYaY9nrrAcsIcv96piLS3LLmvb2y6q6gqCKFCaSUpU=","UR4YF7a3xTDWbsrGHEKVAHrQEiG0Vs7RK4Zx84OI5jk=","ZM4QXkXmWFN7TWLUSOcmd65aDuMaq5vtaNNhJFjrGVs=","DTw9IkL5+hbm6FDAsMoS389yoqUY9Mt5YUavArl6B3I=","pnoAVNtR5IhhjXmltfUM1DDIvoWOPoHBoNY7/Qtrd0g=","rfQcInCGq2jWySzjP6TMPykyZWkSANbE6N1l0bAC1pU=","Mdv4lndYyPkgC8MAANo/4d8I/K3RlSbQDKU39UbSNcU="],"block_size":4096,"path":"page/gain/yjzq.html"},{"block_hashes":["DmPFN4USZbP3Q5GBM1f47MwsMDucxJmrKMfbPdpzTSI="],"block_size":4096,"path":"page/gain/yjzq.js"},{"block_hashes":["dpyUBYRIO675Ab80LD7zcAbDnl0t9IZ+jUPBxRlsjVs=","/DS4JP3ReG/yRpKdrwv6krg0Bl2Xx8utJ4+LhGcAr4U="],"block_size":4096,"path":"page/jzx/info.html"},{"block_hashes":["Llm15nxQMQguRDusr3AKVU0MRwkNG2OVfdyX6+db5Os="],"block_size":4096,"path":"page/jzx/info.js"},{"block_hashes":["aIemq+N2wHapgPKYWYrr+4EgBOaPiFHUh5fk5LHJ7Is=","gpITKYQuwbOrVBP4irKFozBsvjT9Ii1ixPLbunHfSaw="],"block_size":4096,"path":"page/kxsw/ggzs.html"},{"block_hashes":["qjfHUwpZDUq28K6Jua1yUWMnFEgIWtp2gSpgicWM1yQ="],"block_size":4096,"path":"page/kxsw/ggzs.js"},{"block_hashes":["FToAnwYp6Q/gUicBKigiXMiSVE7CHcFmKYU9dwwDQec=","Nmr74OlE+jkfP2OTIb9GXG3wNLWjxK6RTCBjk1hOvM4="],"block_size":4096,"path":"page/wpzs/info.html"},{"block_hashes":["opStx+Tm0YLJ1mbbldSnbPGddW1SkUsaETpYrj1eVXk="],"block_size":4096,"path":"page/wpzs/info.js"},{"block_hashes":["QJIs8Ka32r/iQrtYiMJGBUJNS0Mgt/lL94LBrQ1cICE=","dqHmPA1zIFOKDM/8+zljWdp7F3Fj4W8xQ/9DjeLFuBY=","xzeK9toGPUrfjCfcmNg1rL/Pg1i7PqM2AGYNvNfn6iU="],"block_size":4096,"path":"page/wpzs/option.html"},{"block_hashes":["0e8w+0/h1J6mc88Na7sTX17LoeR4DBZ/aVzn93NZAlw="],"block_size":4096,"path":"page/wpzs/option.js"},{"block_hashes":["WPSoBhNsXeHT9cdPkSx8Qvd2HBF8MharaeW7dPFO6sg=","AeL/XO36GyFsD/yQ054RvhB1BHyRJT41jqtidYTAhWA="],"block_size":4096,"path":"page/wpzs/share.html"},{"block_hashes":["c1UYlipG/w18Qx8z6cQBDg5jzBdSXYCX9rO6tE3Z/EY="],"block_size":4096,"path":"page/wpzs/share.js"},{"block_hashes":["mhlbs1cq2SnMwHgyPxRlDJdDQyTrwFkq0RKivkePG0U=","wUcgUnjeuP9dFef6uJDXRSHN8+TSPbboQnERYMBj3nE="],"block_size":4096,"path":"page/yhg/info.html"},{"block_hashes":["YFUEwa85rMwHeThMV0jDfNJo1xeAI1ENXrcHXZjX1gk="],"block_size":4096,"path":"page/yhg/info.js"},{"block_hashes":["h64Bm4b27inBL72z1GuOVHNTHIGcdGmj8wzTgQhxfh8=","zN4FPhS0LpX7WsE1H0nNW8M6h1Xh2WYgeWUylfMGtrw=","CHEErKZs+xzYNzCVPKoBpbov+0vY/sfJ7G1ATCZ4sy0="],"block_size":4096,"path":"page/yhg/option.html"},{"block_hashes":["W+/d1OnikAcDorw/9bHJi6O9o794TbiTiwU2QHVoDK0="],"block_size":4096,"path":"page/yhg/option.js"},{"block_hashes":["iakzboAdvw78T3jqu9iD5QChgy4VmA5epWEpWR8Hc4g="],"block_size":4096,"path":"page/yhg/ttsq.html"},{"block_hashes":["QFbl21RlXRjN96wgqDAnhoHMTIyErZNjx6ZXNKkNZ/g="],"block_size":4096,"path":"page/yhg/ttsq.js"},{"block_hashes":["KmZsQbvso29dSQ+fVXrTlzeTL8BH2yraCfYE6pSGr28="],"block_size":4096,"path":"popup.html"}],"version":2}