¼Ä´æÆ÷µØÖ·,¼Ä´æÆ÷Öµ
0x0000,1
0x0001,2
0x0002,3
0x0003,4
0x0004,5
0x0005,6
0x0006,7
0x0007,8
0x0008,9
0x0009,10
0x000A,11
0x000B,12
0x000C,13
0x000D,14
0x000E,15
0x000F,16
0x0010,17
0x0011,18
0x0012,19
0x0013,20
0x0014,21
0x0015,22
0x0016,23
0x0017,24
0x0018,25
0x0019,26
0x001A,27
0x001B,28
0x001C,29
0x001D,30
0x001E,31
0x001F,32
0x0020,33
0x0021,34
0x0022,35
0x0023,36
0x0024,37
0x0025,38
0x0026,39
0x0027,40
0x0028,41
0x0029,42
0x002A,43
0x002B,44
0x002C,45
0x002D,46
0x002E,47
0x002F,48
0x0030,49
0x0031,50
0x0032,51
0x0033,52
0x0034,53
0x0035,54
0x0036,55
0x0037,56
0x0038,57
0x0039,58
0x003A,59
0x003B,60
0x003C,61
0x003D,62
0x003E,63
0x003F,64
0x0040,65
0x0041,66
0x0042,67
0x0043,68
0x0044,69
0x0045,70
0x0046,71
0x0047,72
0x0048,73
0x0049,74
0x004A,75
0x004B,76
0x004C,77
0x004D,78
